NUMERO;TSA_NIMI;NIMI_FI;NIMI_SE;NIMI_EN;TIE;TIEOSA;ETAISYYS;X;Y;KORKEUS;KUNTAKOODI;KUNNAN_NIMI;MAAKUNNAN_NIMI
1001;vt1_Nupuri_R;Tie 1 Espoo, Nupuri;Väg 1 Esbo, Nuburböle;Road 1 Espoo, Nupuri;1;6;2950;24.59651311111374;60.22790537188521;0;49;Espoo;Uusimaa
1060;vt1_Nupuri_Opt;Tie 1 Nupuri;Väg 1 Nupurböle;Road 1 Nupuri;1;6;2950;24.59651311111374;60.22790537188521;0;49;Espoo;Uusimaa
1065;vt1_Kolmiranta_R;Tie 1 Kolmiranta;Väg 1 Kolmiranta;Road 1 Kolmiranta;1;7;4030;24.503794127646586;60.26176641806317;0;49;Espoo;Uusimaa
1089;vt1_Kolmiranta_O;Tie 1 Kolmiranta;Väg 1 Kolmiranta;Road 1 Kolmiranta;1;7;4030;24.503794127646586;60.26176641806317;0;49;Espoo;Uusimaa
1043;vt1_Palojärvi_R;Tie 1 Palojärvi;Väg 1 Palojärvi;Road 1 Palojärvi;1;9;2720;24.319244149848608;60.29315006967994;0;927;Vihti;Uusimaa
1044;vt1_Palojärvi_O;Tie 1 Palojärvi;Väg 1 Palojärvi;Road 1 Palojärvi;1;9;2720;24.319244149848608;60.29315006967994;0;927;Vihti;Uusimaa
1081;vt1_Palojärvi_Opt;Tie 1 Palojärvi;Väg 1 Palojärvi;Road 1 Palojärvi;1;9;2720;24.319244149848608;60.29315006967994;0;927;Vihti;Uusimaa
1066;vt1_Lehmijärvi_R;Tie 1 Lehmijärvi;Väg 1 Lehmijärvi;Road 1 Lehmijärvi;1;11;3750;24.15875503083034;60.287971188781256;0;444;Lohja;Uusimaa
1091;vt1_Lehmijärvi_O;Tie 1 Lehmijärvi;Väg 1 Lehmijärvi;Road 1 Lehmijärvi;1;11;3750;24.15875503083034;60.287971188781256;0;444;Lohja;Uusimaa
1079;vt1_Lehmijärvi_Opt;Tie 1 Lehmijärvi;Väg 1 Lehmijärvi;Road 1 Lehmijärvi;1;11;3751;24.15875503083034;60.287971188781256;0;444;Lohja;Uusimaa
1052;vt2_Karkkila_R;Tie 2 Karkkila;Väg 2 Högfors;Road 2 Karkkila;2;14;452;24.22740296661618;60.53918910474509;0;224;Karkkila;Uusimaa
1007;vt2_Salkola_Opt;Tie 2 Nummi-Pusula, Salkol;Väg 2 Nummi-Pusula, Salkola;Road 2 Nummi-Pusula, Salkola;2;18;2515;23.89254426538619;60.638629230172114;0;444;Lohja;Uusimaa
1034;vt3_Pirkkola_R;Tie 3 Helsinki, Pirkkola;Väg 3 Helsingfors, Britas;Road 3 Helsinki, Pirkkola;3;101;4915;24.905139685559682;60.229249080995714;0;91;Helsinki;Uusimaa
1061;vt3_Pirkkola_Opt;Tie 3 Pirkkola;Väg 3 Britas;Road 3 Pirkkola;3;101;4915;24.905139685559682;60.229249080995714;0;91;Helsinki;Uusimaa
1041;vt3_Keimola_2_R;Tie 3 Vantaa, Keimola 2;Väg 3 Vanda, Käinby 2;Road 3 Vantaa, Keimola 2;3;103;4185;24.82608907530538;60.32629599398222;0;92;Vantaa;Uusimaa
1063;vt3_Keimola_2_Opt;Tie 3 Vantaa, Keimola 2;Väg 3 Vanda, Käinby 2;Road 3 Vantaa, Keimola 2;3;103;4185;24.82608907530538;60.32629599398222;0;92;Vantaa;Uusimaa
1020;vt3_Karhunkorpi_R;Tie 3 Nurmijärvi, Karhunko;Väg 3 Nurmijärvi, Karhunkorp;Road 3 Nurmijärvi, Karhunkorpi;3;106;4558;24.85211401193772;60.496280035137474;0;543;Nurmijärvi;Uusimaa
1004;vt4_Jakomäki_R;Tie 4 Helsinki, Jakomäki;Väg 4 Helsingfors, Jakobacka;Road 4 Helsinki, Jakomäki;4;103;2215;25.064609282227313;60.251457664054236;0;92;Vantaa;Uusimaa
1067;vt4_Jakomäki_Opt;Tie 4 Helsinki, Jakomäki;Väg 4 Helsingfors, Jakobacka;Road 4 Helsinki, Jakomäki;4;103;2215;25.064609282227313;60.251457664054236;0;92;Vantaa;Uusimaa
1005;vt4_Kerava_R;Tie 4 Kerava, Kytömaa;Väg 4 Kervo, Kytömaa;Road 4 Kerava, Kytömaa;4;107;4200;25.123844438340818;60.42626610983144;0;245;Kerava;Uusimaa
1082;vt4_Kerava_Opt;Tie 4 Kerava, Kytömaa;Väg 4 Kervo, Kytömaa;Road 4 Kerava, Kytömaa;4;107;4200;25.123844438340818;60.42626610983144;0;245;Kerava;Uusimaa
1009;vt4_Ohkola_R;Tie 4 Mäntsälä, Ohkola;Väg 4 Mäntsälä, Ohkola;Road 4 Mäntsälä, Ohkola;4;109;6815;25.187171665702667;60.55545313039171;0;505;Mäntsälä;Uusimaa
1010;vt4_Levanto_R;Tie 4 Mäntsälä, Levanto;Väg 4 Mäntsälä, Levanto;Road 4 Mäntsälä, Levanto;4;115;4440;25.44813134283821;60.735773009611336;0;505;Mäntsälä;Uusimaa
1068;vt4_Levanto_Opt;Tie 4 Mäntsälä, Levanto;Väg 4 Mäntsälä, Levanto;Road 4 Mäntsälä, Levanto;4;115;4440;25.44813134283821;60.735773009611336;0;505;Mäntsälä;Uusimaa
1037;vt6_Lapinjärvi_R;Tie 6 Lapinjärvi;Väg 6 Lappträsk;Road 6 Lapinjärvi;6;120;1520;26.180281750009414;60.61638972894551;0;407;Lapinjärvi;Uusimaa
1070;vt6_Kimonkylä_R;Tie 6 Kimonkylä;Tie 6 Kimoböle;Road 6 Kimonkylä;6;123;4397;26.30313201262613;60.69926816436847;0;407;Lapinjärvi;Uusimaa
1080;vt6_Kimonkylä_Opt;Tie 6 Kimonkylä;Tie 6 Kimoböle;Road 6 Kimonkylä;6;123;4397;26.30313201262613;60.69926816436847;0;407;Lapinjärvi;Uusimaa
1011;vt7_Sipoonlahti_R;Tie 7 Sipoo, Sipoonlahti;Väg 7 Sibbo, Sibboviken;Road 7 Sipoo, Sipoonlahti;7;4;2110;25.325466717527284;60.281237820373136;0;753;Sipoo;Uusimaa
1083;vt7_Sipoonlahti_Opt;Tie 7 Sipoo, Sipoonlahti;Väg 7 Sibbo, Sibboviken;Road 7 Sipoo, Sipoonlahti;7;4;2110;25.325466717527284;60.281237820373136;0;753;Sipoo;Uusimaa
1019;vt7_Porvoo_R;Tie 7 Porvoo, Harabacka;Väg 7 Borgå, Harabacka;Road 7 Porvoo, Harabacka;7;8;2800;25.593889754281705;60.378911848519834;0;638;Porvoo;Uusimaa
1006;vt7_Koskenkylä_R;Tie 7 Loviisa, Koskenkylä;Väg 7 Lovisa, Forsby;Road 7 Loviisa, Koskenkylä;7;14;1080;25.910183583576295;60.490771586822504;0;434;Loviisa;Uusimaa
1105;vt7_Koskenkylä_O;Tie 7 Loviisa, Koskenkylä;Väg 7 Lovisa, Forsby;Road 7 Loviisa, Koskenkylä;7;14;1080;25.910183583576295;60.490771586822504;0;434;Loviisa;Uusimaa
1106;vt7_Koskenkylä_Opt1;Tie 7 Loviisa, Koskenkylä;Väg 7 Lovisa, Forsby;Road 7 Loviisa, Koskenkylä;7;14;1080;25.910183583576295;60.490771586822504;0;434;Loviisa;Uusimaa
1107;vt7_Koskenkylä_Opt2;Tie 7 Loviisa, Koskenkylä;Väg 7 Lovisa, Forsby;Road 7 Loviisa, Koskenkylä;7;14;1080;25.910183583576295;60.490771586822504;0;434;Loviisa;Uusimaa
1022;vt7_Loviisa_R;Tie 7 Loviisa;Väg 7 Lovisa;Road 7 Loviisa;7;18;4124;26.185126892439538;60.45963704482967;0;434;Loviisa;Uusimaa
1101;vt7_Loviisa_O;Tie 7 Loviisa;Väg 7 Lovisa;Road 7 Loviisa;7;18;4124;26.185126892439538;60.45963704482967;0;434;Loviisa;Uusimaa
1102;vt7_Loviisa_O2;Tie 7 Loviisa;Väg 7 Lovisa;Road 7 Loviisa;7;18;4124;26.185126892439538;60.45963704482967;0;434;Loviisa;Uusimaa
1103;vt7_Loviisa_Opt1;Tie 7 Loviisa;Väg 7 Lovisa;Road 7 Loviisa;7;18;4124;26.185126892439538;60.45963704482967;0;434;Loviisa;Uusimaa
1104;vt7_Loviisa_Opt2;Tie 7 Loviisa;Väg 7 Lovisa;Road 7 Loviisa;7;18;4124;26.185126892439538;60.45963704482967;0;434;Loviisa;Uusimaa
1108;vt7_Loviisa_Markkinamäki_R;Tie 7 Loviisa, Markkinamäki;Väg 7 Lovisa, Marknadsbacken;Road 7  Loviisa, Markkinamäki;7;21;7251;26.440456845728132;60.49537770195036;7;434;Loviisa;Uusimaa
1109;vt7_Loviisa_Markkinamäki_O;Tie 7 Loviisa, Markkinamäki;Väg 7 Lovisa, Marknadsbacken;Road 7  Loviisa, Markkinamäki;7;21;7251;26.440456845728132;60.49537770195036;7;434;Loviisa;Uusimaa
1110;vt7_Loviisa_Markkinamäki_Opt1;Tie 7 Loviisa, Markkinamäki;Väg 7 Lovisa, Marknadsbacken;Road 7  Loviisa, Markkinamäki;7;21;7251;26.440456845728132;60.49537770195036;7;434;Loviisa;Uusimaa
1111;vt7_Loviisa_Markkinamäki_Opt2;Tie 7 Loviisa, Markkinamäki;Väg 7 Lovisa, Marknadsbacken;Road 7  Loviisa, Markkinamäki;7;21;7251;26.440456845728132;60.49537770195036;7;434;Loviisa;Uusimaa
1014;vt25_Hanko_R;Tie 25 Hanko;Väg 25 Hangö;Road 25 Hanko;25;2;5100;23.0219389783126;59.85627078984629;0;78;Hanko;Uusimaa
1075;vt25_Hanko_Opt;Tie 25 Hanko;Väg 25 Hangö;Road 25 Hanko;25;2;5101;23.0219389783126;59.85627078984629;0;78;Hanko;Uusimaa
1053;vt25_Tammisaari_R;Tie 25 Tammisaari;Väg 25 Ekenäs;Road 25 Tammisaari;25;8;300;23.399455648532772;59.97969665279566;0;710;Raasepori;Uusimaa
1100;vt25_Tammisaari_Opt;Tie 25 Tammisaari;Väg 25 Ekenäs;Road 25 Tammisaari;25;8;300;23.399455648532772;59.97969665279566;0;710;Raasepori;Uusimaa
1015;vt25_Karjaa_R;Tie 25 Karjaa;Väg 25 Karis;Road 25 Karjaa;25;15;335;23.72609410933293;60.08054599332987;0;710;Raasepori;Uusimaa
1076;vt25_Karjaa_Opt;Tie 25 Karjaa;Väg 25 Karis;Road 25 Karjaa;25;15;335;23.72609410933293;60.08054599332987;0;710;Raasepori;Uusimaa
1016;vt25_Virkkala_R;Tie 25 Lohja, Virkkala;Väg 25 Lojo, Virkby;Road 25 Lohja, Virkkala;25;19;5940;24.01943388172836;60.20355633811796;0;444;Lohja;Uusimaa
1074;vt25_Nummela_Opt;Tie 25 Nummela;Väg 25 Nummela;Road 25 Nummela;25;23;2600;24.275384049952013;60.327564571452946;0;444;Lohja;Uusimaa
1017;vt25_Haimoo_Opt;Tie 25 Vihti, Haimoo;Väg 25 Vichtis, Haimoo;Road 25 Vihti, Haimoo;25;27;1560;24.527865384571754;60.45869405073639;0;927;Vihti;Uusimaa
1018;vt25_Hyvinkää_R;Tie 3 Hyvinkää;Väg 3 Hyvinge;Road 3 Hyvinkää;25;32;2200;24.83256449175948;60.580411135181315;0;106;Hyvinkää;Uusimaa
1069;vt25_Hyvinkää_Opt;Tie 3 Hyvinkää;Väg 3 Hyvinge;Road 3 Hyvinkää;25;32;2200;24.83256449175948;60.580411135181315;0;106;Hyvinkää;Uusimaa
1054;vt25_Keravanjärvi_R;Tie 25 Mäntsälä, Keravanjä;Väg 25 Mäntsälä, Keravanjärv;Road 25 Mäntsälä, Keravanjärvi;25;34;5000;25.092416328784186;60.61704573558452;0;505;Mäntsälä;Uusimaa
1036;kt45_Ilola_R;Tie 45 Vantaa, Ilola;Väg 45 Vanda, Gladas;Road 45 Vantaa, Ilola;45;3;3200;24.997681400072768;60.320557725701505;0;92;Vantaa;Uusimaa
1058;kt45_Ilola_O;Tie 45 Ilola;Väg 45 Gladas;Road 45 Ilola;45;3;3200;24.997681400072768;60.320557725701505;0;92;Vantaa;Uusimaa
1042;kt45_Raala_R;Tie 45 Raala;Väg 45 Råskog;Road 45 Raala;45;7;3000;24.946105744003262;60.46429494524983;0;858;Tuusula;Uusimaa
1035;kt50_Askisto_R;Tie 50 Vantaa, Askisto;Väg 50 Vanda, Askis;Road 50 Vantaa, Askisto;50;4;4000;24.77030554582047;60.2706875827962;0;92;Vantaa;Uusimaa
1057;kt50_Askisto_O;Tie 50 Askisto;Väg 50 Askis;Road 50 Askisto;50;4;4000;24.77030554582047;60.2706875827962;0;92;Vantaa;Uusimaa
1084;kt50_Suutarila_Opt;Tie 50 Suutarila;Väg 50 Skomakarböle;Road 50 Suutarila;50;7;2026;25.016203314071078;60.284801327290815;16;92;Vantaa;Uusimaa
1085;kt50_Suutarila_R;Tie 50 Suutarila;Väg 50 Skomakarböle;Road 50 Suutarila;50;7;2026;25.016203314071078;60.284801327290815;16;92;Vantaa;Uusimaa
1002;kt51_Hki_Lapinlahti_R;Tie 51 Helsinki, Lapinlaht;Väg 51 Helsingfors, Lappvike;Road 51 Helsinki, Lapinlahti;51;1;3370;24.891000719183182;60.16597989962565;0;91;Helsinki;Uusimaa
1045;kt51_Vaskisalmi_R;Tie 51 Helsinki, Vaskisalm;Väg 51 Helsingfors, Vaskisal;Road 51 Helsinki, Vaskisalmi;51;2;1500;24.85256089851686;60.16393422218834;0;91;Helsinki;Uusimaa
1046;kt51_Vaskisalmi_O;Tie 51 Vaskisalmi;Väg 51 Vaskisalmi;Road 51 Vaskisalmi;51;2;1500;24.85256089851686;60.16393422218834;0;91;Helsinki;Uusimaa
1062;kt51_Vaskisalmi_Opt;Tie 51 Vaskisalmi;Väg 51 Vaskisalmi;Road 51 Vaskisalmi;51;2;1500;24.85256089851686;60.16393422218834;0;91;Helsinki;Uusimaa
1047;kt51_Karhusaari_R;Tie 51 Espoo, Karhusaari;Väg 51 Esbo, Karhusaari;Road 51 Espoo, Karhusaari;51;3;0;24.823218532221183;60.16882674876654;0;49;Espoo;Uusimaa
1048;kt51_Karhusaari_O;Tie 51 Espoo, Karhusaari;Väg 51 Esbo, Karhusaari;Road 51 Espoo, Karhusaari;51;3;0;24.823218532221183;60.16882674876654;0;49;Espoo;Uusimaa
1012;kt51_Kivenlahti_R;Tie 51 Espoo, Kivenlahti;Väg 51 Esbo, Stensvik;Road 51 Espoo, Kivenlahti;51;6;2230;24.667623716075934;60.15283034859125;0;49;Espoo;Uusimaa
1064;kt51_Kivenlahti_Opt;Tie 51 Espoo, Kivenlahti;Väg 51 Esbo, Stensvik;Road 51 Espoo, Kivenlahti;51;6;2230;24.66752311886634;60.15323280327858;0;49;Espoo;Uusimaa
1051;kt51_Kirkkonummi_R;Tie 51 Kirkkonummi;Väg 51 Kyrkslätt;Road 51 Kirkkonummi;51;9;1700;24.40106638334536;60.11366594240857;0;257;Kirkkonummi;Uusimaa
1078;kt51_Kirkkonummi_Opt;Tie 51 Kirkkonummi;Väg 51 Kyrkslätt;Road 51 Kirkkonummi;51;9;1700;24.40106638334536;60.11366594240857;0;257;Kirkkonummi;Uusimaa
1013;kt51_Inkoo_R;Tie 51 Inkoo;Väg 51 Ingå;Road 51 Inkoo;51;13;2000;24.07596272737555;60.06043595729566;0;149;Inkoo;Uusimaa
1021;kt55_Monninkylä_R;Tie 55 Askola, Monninkylä;Väg 55 Askola, Monby;Road 55 Askola, Monninkylä;55;3;1200;25.538370979447734;60.505041762877944;0;18;Askola;Uusimaa
1055;st101_Turvesuo_R;Tie 101 Turvesuo;Väg 101 Turvesuo;Road 101 Turvesuo;101;2;2600;24.80768418800767;60.18471187708453;0;49;Espoo;Uusimaa
1090;st101_Turvesuo_O;Tie 101 Turvesuo;Väg 101 Turvesuo;Road 101 Turvesuo;101;2;2600;24.80768418800767;60.18471187708453;0;49;Espoo;Uusimaa
1092;st101_Mestarintunneli_R;Tie 101 Mestarintunneli;Väg 101 Mestarintunneli;Road 101 Mestarintunneli;101;4;300;24.818526548133175;60.22243671106437;0;49;Espoo;Uusimaa
1093;st101_Mestarintunneli_O;Tie 101 Mestarintunneli;Väg 101 Mestarintunneli;Road 101 Mestarintunneli;101;4;300;24.818526548133175;60.22243671106437;0;49;Espoo;Uusimaa
1094;st101_Mestarintunneli_O2;Tie 101 Mestarintunneli;Väg 101 Mestarintunneli;Road 101 Mestarintunneli;101;4;300;24.818526548133175;60.22243671106437;0;49;Espoo;Uusimaa
1095;st101_Mestarintunneli_O3;Tie 101 Mestarintunneli;Väg 101 Mestarintunneli;Road 101 Mestarintunneli;101;4;300;24.818526548133175;60.22243671106437;0;49;Espoo;Uusimaa
1096;st101_Vallikallio_R;Tie 101 Vallikallio;Väg 101 Vallikallio;Road 101 Vallikallio;101;4;1400;24.825270303491138;60.22639185207836;0;49;Espoo;Uusimaa
1097;st101_Vallikallio_O;Tie 101 Vallikallio;Väg 101 Vallikallio;Road 101 Vallikallio;101;4;1400;24.825270303491138;60.22639185207836;0;49;Espoo;Uusimaa
1098;st101_Vallikallio_Opt1;Tie 101 Vallikallio;Väg 101 Vallikallio;Road 101 Vallikallio;101;4;1400;24.825270303491138;60.22639185207836;0;49;Espoo;Uusimaa
1099;st101_Vallikallio_Opt2;Tie 101 Vallikallio;Väg 101 Vallikallio;Road 101 Vallikallio;101;4;1400;24.825270303491138;60.22639185207836;0;49;Espoo;Uusimaa
1071;Vuosaaren_satama_R;Tie 103 Vuosaaren satama;Väg 103 Nordsjö hamn;Road 103 Vuosaari harbor;103;1;150;25.15333283453295;60.241243623811016;0;91;Helsinki;Uusimaa
1112;Vuosaaren_satama_O;Tie 103 Vuosaaren satama;Väg 103 Nordsjö hamn;Road 103 Vuosaari harbor;103;1;150;25.15333283453295;60.241243623811016;0;91;Helsinki;Uusimaa
1072;Vuosaaren_tunneli_R;Tie 103 Vuosaaren satama,;Väg 103 Nordsjö hamn, tunnel;Road 103 Vuosaari harbor tunne;103;1;850;25.16144470550773;60.23220433079116;0;91;Helsinki;Uusimaa
1113;Vuosaaren_tunneli_O;Tie 103 Vuosaaren satama,;Väg 103 Nordsjö hamn, tunnel;Road 103 Vuosaari harbor tunne;103;1;850;25.16144470550773;60.23220433079116;0;91;Helsinki;Uusimaa
1073;Satamatie_R;Tie 103 Hemåkern;Väg 103 Hemåkern;Road 103 Hemåkern;103;1;1700;25.17245104237822;60.22265662241562;0;92;Vantaa;Uusimaa
1114;Satamatie_O;Tie 103 Hemåkern;Väg 103 Hemåkern;Road 103 Hemåkern;103;1;1700;25.17245104237822;60.22265662241562;0;92;Vantaa;Uusimaa
1003;st110_Myllylampi_R;Tie 110 Vihti, Myllylampi;Väg 110 Vichtis, Kvarnträske;Road 110 Vihti, Myllylampi;110;13;255;24.23656303155072;60.31206485476328;0;927;Vihti;Uusimaa
1030;st110_Hyrsylän_mutka_R;Tie 110 Nummi-Pusula, Hyrs;Väg 110 Nummi-Pusula, Hyrsyl;Road 110 Nummi-Pusula, Hyrsylä;110;15;2930;24.032766695015603;60.389629200882645;0;444;Lohja;Uusimaa
1032;st110_Oinola_R;Tie 110 Oinola;Väg 110 Oinola;Road 110 Oinola;110;17;3020;23.905105538413476;60.38575005861608;0;444;Lohja;Uusimaa
1086;st120_Salmi_Opt;Tie 120 Salmi;Väg 120 Salmi;Road 120 Salmi;120;6;4703;24.538097168084608;60.354771006303295;0;927;Vihti;Uusimaa
1059;st167_Hallila_R;Tie 167 Hallila;Väg 167 Hallila;Road 167 Hallila;167;12;4020;25.863338073560175;60.62063616955863;0;92;Vantaa;Uusimaa
1087;yt1282_Ikkala_R;Tie 1282 Ikkala;Väg 1282 Ikkala;Road 1282 Ikkala;1282;2;4864;24.087393383336263;60.498436082483664;0;444;Lohja;Uusimaa
1088;yt1282_Ikkala_Opt;Tie 1282 Ikkala;Väg 1282 Ikkala;Road 1282 Ikkala;1282;2;4864;24.087393383336263;60.498436082483664;0;444;Lohja;Uusimaa
1049;Vantaa_Hakkila_R;Vantaa, Hakkila;Vanda, Haxböle;Vantaa, Hakkila;99999;0;0;25.080090200946866;60.282102698957495;0;92;Vantaa;Uusimaa
2059;vt1_Muurla_R;Tie 1 Muurla;Väg 1 Muurla;Road 1 Muurla;1;22;11;23.29194057930419;60.38852683146527;0;734;Salo;Varsinais-Suomi
2060;vt1_Muurla_O;Tie 1 Muurla;Väg 1 Muurla;Road 1 Muurla;1;22;11;23.29194057930419;60.38852683146527;0;734;Salo;Varsinais-Suomi
2049;vt1_Haukkala_R;Tie 1 Salo, Haukkala;Väg 1 Salo, Haukkala;Road 1 Salo, Haukkala;1;22;22;23.211266879526455;60.40726833197891;0;734;Salo;Varsinais-Suomi
2050;vt1_Haukkala_O;Tie 1 Haukkala;Väg 1 Haukkala;Road 1 Haukkala;1;22;22;23.211266879526455;60.40726833197891;0;734;Salo;Varsinais-Suomi
2055;vt1_Isokylän_Tun_R;Tie 1 Isokylän tunneli R;Väg 1 Storby tunneln 4;Road 1 Isokylä tunnel R;1;24;1;23.15703537438102;60.41838709611493;0;734;Salo;Varsinais-Suomi
2056;vt1_Isokylän_Tun_O1;Tie 1 Isokylän tunneli 1;Väg 1 Storby tunneln 1;Road 1 Isokylä tunnel 1;1;24;2;23.15703537438102;60.41838709611493;0;734;Salo;Varsinais-Suomi
2057;vt1_Isokylän_Tun_O2;Tie 1 Isokylän tunneli 2;Väg 1 Storby tunneln 2;Road 1 Isokylä tunnel 2;1;24;3;23.15703537438102;60.41838709611493;0;734;Salo;Varsinais-Suomi
2058;vt1_Isokylän_Tun_O3;Tie 1 Isokylän tunneli 3;Väg 1 Storby tunneln 3;Road 1 Isokylä tunnel 3;1;24;4;23.15703537438102;60.41838709611493;0;734;Salo;Varsinais-Suomi
2047;vt1_Halikko_R;Tie 1 Halikko;Väg 1 Halikko;Road 1 Halikko;1;25;0;23.106335171676655;60.417155574842404;0;734;Salo;Varsinais-Suomi
2048;vt1_Halikko_O;Tie 1 Halikko;Väg 1 Halikko;Road 1 Halikko;1;25;0;23.106335171676655;60.417155574842404;0;734;Salo;Varsinais-Suomi
2045;vt1_Hajala_R;Tie 1 Hajala;Väg 1 Hajala;Road 1 Hajala;1;26;0;22.969156864968948;60.43500524416305;0;734;Salo;Varsinais-Suomi
2046;vt1_Hajala_O;Tie 1 Hajala;Väg 1 Hajala;Road 1 Hajala;1;26;0;22.969156864968948;60.43500524416305;0;734;Salo;Varsinais-Suomi
2043;vt1_Pitkäporras_R;Tie 1 Paimio, Pitkäporras;Väg 1 Pemar, Pitkäporras;Road 1 Paimio, Pitkäporras;1;27;0;22.84023056798919;60.42822282300758;0;577;Paimio;Varsinais-Suomi
2044;vt1_Pitkäporras_O;Tie 1 Pitkäporras;Väg 1 Pitkäporras;Road 1 Pitkäporras;1;27;0;22.84023056798919;60.42822282300758;0;577;Paimio;Varsinais-Suomi
2041;vt1_Paimio_R;Tie 1 Paimio;Väg 1 Pemar;Road 1 Paimio;1;29;1;22.68304030396974;60.423564879657334;0;577;Paimio;Varsinais-Suomi
2042;vt1_Paimio_O;Tie 1 Paimio;Väg 1 Pemar;Road 1 Paimio;1;29;2;22.68304030396974;60.423564879657334;0;577;Paimio;Varsinais-Suomi
2085;vt1_Paimio_O2;Tie 1 Paimio;Väg 1 Pemar;Road 1 Paimio;1;29;3;22.68304030396974;60.423564879657334;0;577;Paimio;Varsinais-Suomi
2039;vt1_Piikkiö_R;Tie 1 Piikkiö;Väg 1 Pikis;Road 1 Piikkiö;1;31;0;22.534821674417955;60.44568492550683;0;202;Kaarina;Varsinais-Suomi
2040;vt1_Piikkiö_O;Tie 1 Piikkiö;Väg 1 Pikis;Road 1 Piikkiö;1;31;0;22.534821674417955;60.44568492550683;0;202;Kaarina;Varsinais-Suomi
2037;vt1_Kaarina_R;Tie 1 Kaarina;Väg 1 S:t Karins;Road 1 Kaarina;1;33;0;22.402334770202316;60.42388642968466;0;202;Kaarina;Varsinais-Suomi
2038;vt1_Kaarina_O;Tie 1 Kaarina;Väg 1 S:t Karins;Road 1 Kaarina;1;33;0;22.402334770202316;60.42388642968466;0;202;Kaarina;Varsinais-Suomi
2094;vt1_Kaarina_Opt;Tie 1 Kaarina;Väg 1 S:t Karins;Road 1 Kaarina;1;33;0;22.402334770202316;60.42388642968466;0;202;Kaarina;Varsinais-Suomi
2035;vt1_Kupittaa_R;Tie 1 Turku, Kupittaa;Väg 1 Åbo, Kuppis;Road 1 Turku, Kupittaa;1;36;0;22.304684736677576;60.44652102641685;0;853;Turku;Varsinais-Suomi
2036;vt1_Kupittaa_O;Tie 1 Turku, Kupittaa;Väg 1 Åbo, Kuppis;Road 1 Turku, Kupittaa;1;36;0;22.304684736677576;60.44652102641685;0;853;Turku;Varsinais-Suomi
2021;vt8_Masku_R;Tie 8 Masku;Väg 8 Masko;Road 8 Masku;8;104;200;22.138134386597176;60.53072389048921;45;481;Masku;Varsinais-Suomi
2093;vt8_Masku_Opt;Tie 8 Masku;Väg 8 Masko;Road 8 Masku;8;104;200;22.138134386597176;60.53072389048921;45;481;Masku;Varsinais-Suomi
2008;vt8_Mynämotelli_R;Tie 8 Mynämäki, Motelli;Väg 8 Virmo, Motell;Road 8 Mynämäki, Motelli;8;109;650;21.926444419262857;60.737851726250554;35;503;Mynämäki;Varsinais-Suomi
2002;vt8_Ihode_R;Tie 8 Pyhäranta, Ihode;Väg 8 Pyhäranta, Ihode;Road 8 Pyhäranta, Ihode;8;114;200;21.5942629287697;60.955371537455896;29;631;Pyhäranta;Varsinais-Suomi
2031;vt9_Kärsämäki_O;Tie 9 Kärsämäki;Väg 9 Kärsämäki;Road 9 Kärsämäki;9;102;0;22.28428624033634;60.49770560869043;0;853;Turku;Varsinais-Suomi
2027;vt9_Aura_R;Tie 9 Aura;Väg 9 Aura;Road 9 Aura;9;106;3045;22.510633518641832;60.61550942728736;54;19;Aura;Varsinais-Suomi
2011;vt9_Mellilä_R;Tie 9 Mellilä;Väg 9 Mellilä;Road 9 Mellilä;9;112;3290;22.879587218215296;60.78204603728081;91;430;Loimaa;Varsinais-Suomi
2087;vt10_Lieto_R;Tie 10 Lieto;Väg 10 Lundo;Road 10 Lieto;10;2;4689;22.4251554606479;60.49849128664408;220;423;Lieto;Varsinais-Suomi
2089;vt10_Lieto_Opt_12;Tie 10 Lieto;Väg 10 Lundo;Road 10 Lieto;10;2;4689;22.4251554606479;60.49849128664408;220;423;Lieto;Varsinais-Suomi
2028;vt10_Yliskulma_R;Tie 10 Lieto, Yliskulma;Väg 10 Lundo, Yliskulma;Road 10 Lieto, Yliskulma;10;4;4743;22.622723455690583;60.5426723456526;40;423;Lieto;Varsinais-Suomi
2012;vt10_Koski_R;Tie 10 Koski;Väg 10 Koskis;Road 10 Koski;10;10;2363;23.12946876345202;60.69154920984166;86;284;Koski;Varsinais-Suomi
2030;kt40_Kärsämäki_R;Tie 40 Kärsämäki;Väg 40 Kärsämäki;Road 40 Kärsämäki;40;4;0;22.28437694422071;60.49770882083884;0;853;Turku;Varsinais-Suomi
2015;kt40_Auranlaakso_R;Tie 40 Turku, Auranlaakso;Väg 40 Åbo, Auranlaakso;Road 40 Turku, Auranlaakso;40;5;1320;22.374544987058837;60.46856578638284;44;423;Lieto;Varsinais-Suomi
2025;kt43_Kalanti_R;Tie 43 Kalanti;Väg 43 Kalanti;Road 43 Kalanti;43;2;1212;21.57897795897421;60.82511149147804;20;895;Uusikaupunki;Varsinais-Suomi
2018;kt52_Perniö_R;Tie 52 Perniö;Väg 52 Bjärnå;Road 52 Perniö;52;7;660;23.14746748222601;60.17269592354431;23;586;Perniö;Varsinais-Suomi
2061;st110_Kettulanmäki_R;Tie 110 Kettulanmäki;Väg 110 Kettulanmäki;Road 110 Kettulanmäki;110;17;2600;23.74876151010288;60.38029491802037;0;776;Suomusjärvi;Varsinais-Suomi
2062;st110_Kolmperä_R;Tie 110 Suomusjärvi, Kolmp;Väg 110 Suomusjärvi, Kolmper;Road 110 Suomusjärvi, Kolmperä;110;18;1250;23.664163690160873;60.37186421637558;0;776;Suomusjärvi;Varsinais-Suomi
2063;st110_Aneriojärvi_R;Tie 110 Suomusjärvi, Aneri;Väg 110 Suomusjärvi, Anerioj;Road 110 Suomusjärvi, Aneriojä;110;19;3950;23.57579136292349;60.380752388555614;0;776;Suomusjärvi;Varsinais-Suomi
2065;st110_Saha_R;Tie 110 Pertteli, Saha;Väg 110 S:t Bertils, Saha;Road 110 Pertteli, Saha;110;21;120;23.411871519220917;60.36906889542408;0;587;Pertteli;Varsinais-Suomi
2004;st110_Tupuri_R;Tie 110 Salo, Tupuri;Väg 110 Salo, Tupuri;Road 110 Salo, Tupuri;110;22;0;23.235389100958425;60.382533279147054;80;734;Salo;Varsinais-Suomi
2032;st110_Korvenpää_R;Tie 110 Korvenpää;Väg 110 Korvenpää;Road 110 Korvenpää;110;26;0;22.934409420222593;60.378010359743406;0;734;Salo;Varsinais-Suomi
2033;st110_Kevola_R;Tie 110 Kevola;Väg 110 Kevola;Road 110 Kevola;110;28;0;22.769233420866193;60.41695652367322;0;577;Paimio;Varsinais-Suomi
2088;st180_Kirjalansalmi_R;Tie 180 Kirjalansalmi;Väg 180 Kirjalansalmi;Road 180 Kirjalansalmi;180;1;7180;22.35858432104464;60.36744092430786;0;202;Kaarina;Varsinais-Suomi
2019;st180_Parainen_R;Tie 180 Parainen;Väg 180 Pargas;Road 180 Parainen;180;3;2600;22.343556664536234;60.32036202743209;0;573;Parainen;Varsinais-Suomi
2034;st180_Nauvo_R;Tie 180 Nauvo;Väg 180 Nagu;Road 180 Nauvo;180;11;3000;21.79598221758311;60.16974272843723;0;533;Nauvo;Varsinais-Suomi
2023;st183_Taalintehdas_R;Tie 183 Dragsfjärd;Väg 183 Dragsfjärd;Road 183 Dragsfjärd;183;1;3400;22.485198832380085;60.04296204946814;13;40;Dragsfjärd;Varsinais-Suomi
2022;st192_Vehmassalmi_R;Tie 192 Vehmaa, Vehmassalm;Väg 192 Vemo, Vehmassalmi;Road 192 Vehmaa, Vehmassalmi;192;7;2170;21.7431171660148;60.62532431335696;18;918;Vehmaa;Varsinais-Suomi
2052;Åland_Eckero_K;Ahvenanmaa, Eckerö;Åland, Eckerö;Ahvenanmaa, Eckerö;99999;0;1;19.566401784107384;60.205310132473464;0;999;Ei kuntatietoa;Varsinais-Suomi
2054;Åland_Åva_K;Ahvenanmaa, Åva;Åland, Åva;Ahvenanmaa, Åva;99999;0;2;21.07282609137517;60.442393044915704;0;999;Ei kuntatietoa;Varsinais-Suomi
2006;vt2_Seppälänahde_R;Tie 2 Kokemäki, Seppälänah;Väg 2 Kumo, Seppälänahde;Road 2 Kokemäki, Seppälänahde;2;38;4750;22.4478278948259;61.20844182594587;48;271;Kokemäki;Satakunta
2091;vt2_Seppälänahde_Opt;Tie 2 Kokemäki, Seppälänah;Väg 2 Kumo, Seppälänahde;Road 2 Kokemäki, Seppälänahde;2;38;4750;22.4478278948259;61.20844182594587;48;271;Kokemäki;Satakunta
2020;vt2_Kähkönen_R;Tie 2 Pori, Kähkönen;Väg 2 Björneborg, Kähkönen;Road 2 Pori, Kähkönen;2;49;3880;21.631708074694423;61.531224201351996;5;609;Pori;Satakunta
2092;vt2_Kähkönen_Opt;Tie 2 Pori, Kähkönen;Väg 2 Björneborg, Kähkönen;Road 2 Pori, Kähkönen;2;49;3880;21.631708074694423;61.531224201351996;5;609;Pori;Satakunta
2090;vt8_Rauma_Opt;Tie 8 Rauma;Väg 8 Raumo;Road 8 Rauma;8;119;3910;21.58437580673751;61.15705176090816;0;684;Rauma;Satakunta
2003;vt8_Eurajoki_R;Tie 8 Eurajoki;Väg 8 Euraåminne;Road 8 Eurajoki;8;122;2000;21.693777070952397;61.27820425613531;40;51;Eurajoki;Satakunta
2009;vt8_Ahlainen_R;Tie 8 Ahlainen;Väg 8 Vittisbofjärd;Road 8 Ahlainen;8;204;3490;21.759604723410142;61.649714170616974;29;609;Pori;Satakunta
2026;vt8_Kuvaskangas_R;Tie 8 Merikarvia, Kuvaskan;Väg 8 Sastmola, Kuvaskangas;Road 8 Merikarvia, Kuvaskangas;8;211;70;21.624407223499773;61.943523186098275;0;484;Merikarvia;Satakunta
2013;vt11_Sääkskoski_R;Tie 11 Kullaa, Sääkskoski;Väg 11 Kulla, Sääkskoski;Road 11 Kullaa, Sääkskoski;11;15;6575;22.34718767782465;61.46675436774756;90;293;Kullaa;Satakunta
2029;vt12_Eura_R;Tie 12 Eura;Väg 12 Eura;Road 12 Eura;12;109;3020;22.1771994396705;61.13725702413277;52;50;Eura;Satakunta
2014;vt23_Hapua_R;Tie 23 Kankaanpää, Hapua;Väg 23 Kankaanpää, Hapua;Road 23 Kankaanpää, Hapua;23;106;5480;22.28390133572644;61.80082613026175;85;214;Kankaanpää;Satakunta
2016;kt41_Jokisivu_R;Tie 41 Huittinen, Jokisivu;Väg 41 Vittis, Jokisivu;Road 41 Huittinen, Jokisivu;41;17;1225;22.65301278919008;61.11014295439582;60;102;Huittinen;Satakunta
4003;vt2_Humppila_R;Tie 2 Humppila;Väg 2 Humppila;Road 2 Humppila;2;28;400;23.32415767136534;60.944114671140596;100;103;Humppila;Kanta-Häme
4047;vt2_Humppila_Opt;Tie 2 Humppila;Väg 2 Humppila;Road 2 Humppila;2;28;400;23.32415767136534;60.944114671140596;100;103;Humppila;Kanta-Häme
4009;vt3_Riihimäki_R;Tie 3 Riihimäki;Väg 3 Riihimäki;Road 3 Riihimäki;3;110;4600;24.73742786246394;60.70593877003189;100;694;Riihimäki;Kanta-Häme
4038;vt3_Riihimäki_Opt;Tie 3 Riihimäki;Väg 3 Riihimäki;Road 3 Riihimäki;3;110;4600;24.73742786246394;60.70593877003189;100;694;Riihimäki;Kanta-Häme
4004;vt3_Hämeenlinna_R;Tie 3 Hämeenlinna, Hattelm;Väg 3 Tavastehus, Hattelmala;Road 3 Hämeenlinna, Hattelmala;3;115;6553;24.479206075078498;60.96405473045922;120;109;Hämeenlinna;Kanta-Häme
4037;vt3_Hämeenlinna_Opt;Tie 3 Hämeenlinna;Väg 3 Tavastehus;Road 3 Hämeenlinna;3;115;6553;24.479206075078498;60.96405473045922;120;109;Hämeenlinna;Kanta-Häme
4008;vt10_Tammela_R;Tie 10 Tammela;Väg 10 Tammela;Road 10 Tammela;10;20;5100;24.000044396550653;60.82615061451882;140;834;Tammela;Kanta-Häme
4055;vt10_Tammela_Opt;Tie 10 Tammela;Väg 10 Tammela;Road 10 Tammela;10;20;5100;24.000044396550653;60.82615061451882;140;834;Tammela;Kanta-Häme
4011;vt12_Hauho_R;Tie 12 Hauho, Sotjala;Väg 12 Hauho, Sotjala;Road 12 Hauho, Sotjala;12;213;1450;24.68189068844997;61.15938261465873;100;109;Hämeenlinna;Kanta-Häme
4060;vt12_Hauho_Opt;Tie 12 Hauho;Väg 12 Hauho;Road 12 Hauho;12;213;1450;24.68189068844997;61.15938261465873;100;109;Hämeenlinna;Kanta-Häme
4022;kt54_Hausjärvi_R;Tie 54 Hausjärvi, Pursijär;Väg 54 Hausjärvi, Pursijärvi;Road 54 Hausjärvi, Pursijärvi;54;14;3820;25.04881708328156;60.81856118759673;105;86;Hausjärvi;Kanta-Häme
4039;kt54_Hausjärvi_Opt;Tie 54 Hausjärvi;Väg 54 Hausjärvi;Road 54 Hausjärvi;54;14;3820;25.04881708328156;60.81856118759673;105;86;Hausjärvi;Kanta-Häme
4048;vt3_Jutikkala_Opt;Tie 3 Jutikkala;Väg 3 Jutikkala;Road 3 Jutikkala;3;121;483;24.066457765993096;61.13988951105632;0;908;Valkeakoski;Pirkanmaa
4028;vt3_Jutikkala_R;Tie 3 Valkeakoski, Jutikka;Väg 3 Valkeakoski, Jutikkala;Road 3 Valkeakoski, Jutikkala;3;121;3240;24.066457765993096;61.13988951105632;0;908;Valkeakoski;Pirkanmaa
4027;vt3_Lempäälä_Lippo_R;Tie 3 Lempäälä, Lippo;Väg 3 Lembois, Lippo;Road 3 Lempäälä, Lippo;3;124;3410;23.836139688422318;61.25522020076049;0;418;Lempäälä;Pirkanmaa
4049;vt3_Lempäälä_Lippo_Opt;Tie 3 Lempäälä, Lippo;Väg 3 Lembois, Lippo;Road 3 Lempäälä, Lippo;3;124;3410;23.836139688422318;61.25522020076049;0;418;Lempäälä;Pirkanmaa
4006;vt3_Lempäälä_Kulju_R;Tie 3 Lempäälä, Kulju;Väg 3 Lembois, Kulju;Road 3 Lempäälä, Kulju;3;134;5137;23.76508555989905;61.40831289003852;130;418;Lempäälä;Pirkanmaa
4050;vt3_Lempäälä_Kulju_Opt;Tie 3 Lempäälä, Kulju;Väg 3 Lembois, Kulju;Road 3 Lempäälä, Kulju;3;134;5137;23.76508555989905;61.40831289003852;130;418;Lempäälä;Pirkanmaa
4029;vt3_Pirkkala_R;Tie 3 Pirkkala;Väg 3 Birkala;Road 3 Pirkkala;3;137;245;23.63604857409167;61.45254591580526;0;604;Pirkkala;Pirkanmaa
4063;vt3_Pirkkala_Opt_12;Tie 3 Pirkkala;Väg 3 Birkala;Road 3 Pirkkala;3;137;245;23.63604857409167;61.45254591580526;0;604;Pirkkala;Pirkanmaa
4024;vt3_Ylöjärvi_R;Tie 3 Ylöjärvi;Väg 3 Ylöjärvi;Road 3 Ylöjärvi;3;203;5860;23.47547017851122;61.57700730410648;155;980;Ylöjärvi;Pirkanmaa
4040;vt3_Ylöjärvi_Opt;Tie 3 Ylöjärvi;Väg 3 Ylöjärvi;Road 3 Ylöjärvi;3;203;5860;23.47547017851122;61.57700730410648;155;980;Ylöjärvi;Pirkanmaa
2007;vt3_Ikaalinen_R;Tie 3 Ikaalinen, Teikangas;Väg 3 Ikalis, Teikangas;Road 3 Ikaalinen, Teikangas;3;211;800;22.99581867408377;61.78842080794994;125;143;Ikaalinen;Pirkanmaa
4043;vt3_Ikaalinen_Opt;Tie 3 Ikaalinen;Väg 3 Ikalis;Road 3 Ikaalinen;3;211;800;22.99581867408377;61.78842080794994;125;143;Ikaalinen;Pirkanmaa
2010;vt3_Lamminkoski_R;Tie 3 Parkano, Lamminkoski;Väg 3 Parkano, Lamminkoski;Road 3 Parkano, Lamminkoski;3;218;3560;23.009456652911158;62.11570573448285;140;581;Parkano;Pirkanmaa
4051;vt3_Lamminkoski_Opt;Tie 3 Lamminkoski;Väg 3 Lamminkoski;Road 3 Lamminkoski;3;218;3560;23.009456652911158;62.11570573448285;140;581;Parkano;Pirkanmaa
4021;vt9_Kylmäkoski_R;Tie 9 Kylmäkoski;Väg 9 Kylmäkoski;Road 9 Kylmäkoski;9;122;7242;23.638611391306913;61.1140311252809;100;3;Akaa;Pirkanmaa
4053;vt9_Kylmäkoski_Opt;Tie 9 Kylmäkoski;Väg 9 Kylmäkoski;Road 9 Kylmäkoski;9;122;7242;23.638611391306913;61.1140311252809;100;3;Akaa;Pirkanmaa
4030;vt9_Suinula_R;Tie 9 Kangasala, Suinula;Väg 9 Kangasala, Suinula;Road 9 Kangasala, Suinula;9;208;1540;24.071761683690976;61.54970099685152;0;211;Kangasala;Pirkanmaa
4034;vt9_Suinula_Opt;Tie 9 Suinula;Väg 9 Suinula;Road 9 Suinula;9;208;1540;24.071761683690976;61.54970099685152;0;211;Kangasala;Pirkanmaa
4013;vt9_Orivesi_R;Tie 9 Orivesi, Kutema;Väg 9 Orivesi, Kutema;Road 9 Orivesi, Kutema;9;209;5414;24.219348430576865;61.64500639590975;150;562;Orivesi;Pirkanmaa
4035;vt9_Orivesi_Opt;Tie 9 Orivesi;Väg 9 Orivesi;Road 9 Orivesi;9;209;5414;24.219348430576865;61.64500639590975;150;562;Orivesi;Pirkanmaa
4031;vt9_Leppähammas_R;Tie 9 Leppähammas;Väg 9 Leppähammas;Road 9 Leppähammas;9;212;10580;24.47596414854399;61.70866924104758;0;562;Orivesi;Pirkanmaa
4032;vt9_Solttila_R;Tie 9 Längelmäki, Solttila;Väg 9 Längelmäki, Solttila;Road 9 Längelmäki, Solttila;9;214;3029;24.709279722588047;61.731368359109766;0;562;Orivesi;Pirkanmaa
4042;vt9_Solttila_Opt;Tie 9 Solttila;Väg 9 Solttila;Road 9 Solttila;9;214;3029;24.709279722588047;61.731368359109766;0;562;Orivesi;Pirkanmaa
4005;vt11_Nokia_R;Tie 11 Nokia;Väg 11 Nokia;Road 11 Nokia;11;4;702;23.42522224835111;61.50148799073086;155;536;Nokia;Pirkanmaa
4056;vt11_Nokia_Opt;Tie 11 Nokia;Väg 11 Nokia;Road 11 Nokia;11;4;702;23.42522224835111;61.50148799073086;155;536;Nokia;Pirkanmaa
2017;vt12_Kärppälä_R;Tie 12 Vammala, Kärppälä;Väg 12 Vammala, Kärppälä;Road 12 Vammala, Kärppälä;12;120;6925;23.117198752805123;61.367810257554645;87;790;Sastamala;Pirkanmaa
4044;vt12_Kärppälä_Opt;Tie 12 Kärppälä;Väg 12 Kärppälä;Road 12 Kärppälä;12;120;6925;23.117198752805123;61.367810257554645;87;790;Sastamala;Pirkanmaa
4020;vt12_Tre_Paasikiventie_R;Tie 12 Tampere, Särkänniem;Väg 12 Tammerfors, Särkännie;Road 12 Tampere, Särkänniemi;12;127;485;23.699570660544758;61.5075997995645;100;837;Tampere;Pirkanmaa
4057;vt12_Tre_Paasikiventie_Opt;Tie 12 Tampere, Paasikiven;Väg 12 Tammerfors, Paasikive;Road 12 Tampere, Paasikiventie;12;127;485;23.699570660544758;61.5075997995645;100;837;Tampere;Pirkanmaa
4017;vt12_Tampere_R;Tie 12 Tampere;Väg 12 Tammerfors;Road 12 Tampere;12;202;1633;23.897986641222133;61.497444143613876;120;837;Tampere;Pirkanmaa
4058;vt12_Tampere_Opt;Tie 12 Tampere;Väg 12 Tammerfors;Road 12 Tampere;12;202;1633;23.897986641222133;61.497444143613876;120;837;Tampere;Pirkanmaa
4012;vt12_Pälkäne_R;Tie 12 Pälkäne;Väg 12 Pälkäne;Road 12 Pälkäne;12;207;3350;24.29112364911707;61.31102260176138;105;635;Pälkäne;Pirkanmaa
4059;vt12_Pälkäne_Opt;Tie 12 Pälkäne;Väg 12 Pälkäne;Road 12 Pälkäne;12;207;3350;24.29112364911707;61.31102260176138;105;635;Pälkäne;Pirkanmaa
4016;vt23_Virrat_R;Tie 23 Virrat;Väg 23 Virdois;Road 23 Virrat;23;209;1460;23.802573589257676;62.240694122134855;130;936;Virrat;Pirkanmaa
4023;kt58_Mänttä_R;Tie 58 Vilppula, Kuoreniem;Väg 58 Filpula, Kuoreniemi;Road 58 Vilppula, Kuoreniemi;58;16;1010;24.61321739040875;61.969731314048765;105;508;Mänttä-Vilppula;Pirkanmaa
4015;kt66_Ruovesi_R;Tie 66 Ruovesi, Mustajärvi;Väg 66 Ruovesi, Mustajärvi;Road 66 Ruovesi, Mustajärvi;66;9;5000;24.016800714715526;62.020966973804704;120;702;Ruovesi;Pirkanmaa
4062;kt66_Ruovesi_Opt;Tie 66 Ruovesi;Väg 66 Ruovesi;Road 66 Ruovesi;66;9;5000;24.016800714715526;62.020966973804704;120;702;Ruovesi;Pirkanmaa
4007;st130_Sääksmäki_R;Tie 130 Valkeakoski, Sääks;Väg 130 Valkeakoski, Sääksmä;Road 130 Valkeakoski, Sääksmäk;130;19;3070;24.05712657290969;61.16285657021546;90;908;Valkeakoski;Pirkanmaa
4064;yt3495_Rautaharkko_R;Tie 3495 Tampere, Rautaharkko;Väg 3495 Tammerfors, Rautaharkko;Road 3495 Tampere, Rautaharkko;3495;1;1000;23.774307826262024;61.47729453719876;0;837;Tampere;Pirkanmaa
4065;yt3495_Rautaharkko_Opt;Tie 3495 Tampere, Rautaharkko;Väg 3495 Tammerfors, Rautaharkko;Road 3495 Tampere, Rautaharkko;3495;1;1000;23.774307826262024;61.47729453719876;0;837;Tampere;Pirkanmaa
4001;vt4_Lahti_R;Tie 4 Hollola, Miekkiö;Väg 4 Hollola, Miekkiö;Road 4 Hollola, Miekkiö;4;119;3562;25.608832973289736;60.906324576109796;70;398;Lahti;Päijät-Häme
4052;vt4_Lahti_Opt;Tie 4 Lahti;Tie 4 Lahtis;Road 4 Lahti;4;119;3562;25.608832973289736;60.906324576109796;70;398;Lahti;Päijät-Häme
4045;vt4_Vierumäki_Opt;Tie 4 Heinola, Vierumäki;Väg 4 Heinola, Vierumäki;Road 4 Heinola, Vierumäki;4;205;1801;25.903481786329664;61.08855982129341;0;111;Heinola;Päijät-Häme
6001;vt4_Vierumäki_R;Tie 4 Heinola, Vierumäki;Väg 4 Heinola, Vierumäki;Road 4 Heinola, Vierumäki;4;205;1801;25.903481786329664;61.08855982129341;0;111;Heinola;Päijät-Häme
4046;vt4_Onkiniemi_Opt;Tie 4 Onkiniemi;Väg 4 Onkiniemi;Road 4 Onkiniemi;4;213;2030;26.045988517876278;61.403762674265124;0;781;Sysmä;Päijät-Häme
6004;vt4_Onkiniemi_R;Tie 4 Sysmä, Onkiniemi;Väg 4 Sysmä, Onkiniemi;Road 4 Sysmä, Onkiniemi;4;213;2030;26.045988517876278;61.403762674265124;0;781;Sysmä;Päijät-Häme
4010;vt12_Hämeenkoski_R;Tie 12 Hollola, Toivola;Väg 12 Hollola, Toivola;Road 12 Hollola, Toivola;12;219;4751;25.222032392621774;61.00948887352897;130;283;Hämeenkoski;Päijät-Häme
4061;vt12_Hämeenkoski_Opt;Tie 12 Hämeenkoski;Väg 12 Hämeenkoski;Road 12 Hämeenkoski;12;219;4751;25.222032392621774;61.00948887352897;130;283;Hämeenkoski;Päijät-Häme
4025;vt12_Lahti_R;Tie 12 Lahti;Väg 12 Lahtis;Road 12 Lahti;12;222;4120;25.61175653493768;60.97814486869311;140;398;Lahti;Päijät-Häme
4041;vt12_Lahti_Opt;Tie 12 Lahti;Väg 12 Lahtis;Road 12 Lahti;12;222;4120;25.61175653493768;60.97814486869311;140;398;Lahti;Päijät-Häme
4002;vt24_Asikkala_R;Tie 24 Asikkala, Iso-Äiniö;Väg 24 Asikkala, Iso-Äiniö;Road 24 Asikkala, Iso-Äiniö;24;8;2080;25.35461498154677;61.220488545759146;125;16;Asikkala;Päijät-Häme
4036;vt24_Asikkala_Opt;Tie 24 Asikkala, Iso-Äiniö;Väg 24 Asikkala, Iso-Äiniö;Road 24 Asikkala, Iso-Äiniö;24;8;2080;25.35461498154677;61.220488545759146;125;16;Asikkala;Päijät-Häme
5001;vt6_Elimäki_R;Tie 6 Elimäki;Väg 6 Elimä;Road 6 Elimäki;6;127;650;26.49291497787763;60.785119402065824;0;286;Kouvola;Kymenlaakso
3049;vt6_Utti_RWS200;Tie 6 Utti;Väg 6 Uttis;Road 6 Utti;6;202;2920;26.85891320226198;60.88652200182662;0;286;Kouvola;Kymenlaakso
5016;vt6_Utti_R;Tie 6 Utti;Väg 6 Uttis;Road 6 Utti;6;202;2920;26.85891320226198;60.88652200182662;0;286;Kouvola;Kymenlaakso
5019;vt6_Utti_Opt;Tie 6 Utti;Väg 6 Uttis;Road 6 Utti;6;202;2920;26.85891320226198;60.88652200182662;0;286;Kouvola;Kymenlaakso
3051;vt7_Pyhtää_Siltakylä_R;Tie 7 Pyhtää, Siltakylä;Väg 7 Pyttis, Broby;Road 7  Pyhtää, Siltakylä;7;25;7775;26.701840798284184;60.50000664357996;7;624;Pyhtää;Kymenlaakso
3052;vt7_Pyhtää_Siltakylä_O;Tie 7 Pyhtää, Siltakylä;Väg 7 Pyttis, Broby;Road 7  Pyhtää, Siltakylä;7;25;7775;26.701840798284184;60.50000664357996;7;624;Pyhtää;Kymenlaakso
3053;vt7_Pyhtää_Siltakylä_Opt1;Tie 7 Pyhtää, Siltakylä;Väg 7 Pyttis, Broby;Road 7  Pyhtää, Siltakylä;7;25;7775;26.701840798284184;60.50000664357996;7;624;Pyhtää;Kymenlaakso
3054;vt7_Pyhtää_Siltakylä_Opt2;Tie 7 Pyhtää, Siltakylä;Väg 7 Pyttis, Broby;Road 7  Pyhtää, Siltakylä;7;25;7775;26.701840798284184;60.50000664357996;7;624;Pyhtää;Kymenlaakso
3007;vt7_Mokra_R;Tie 7 Pyhtää, Mokra;Väg 7 Pyttis, Mokra;Road 7 Pyhtää, Mokra;7;27;1900;26.806484840279367;60.49550357670593;0;285;Kotka;Kymenlaakso
3026;vt7_Mokra_Opt;Tie 7 Pyhtää, Mokra;Väg 7 Pyttis, Mokra;Road 7 Pyhtää, Mokra;7;27;1900;26.806484840279367;60.49550357670593;0;285;Kotka;Kymenlaakso
3045;vt7_Sutela_O;Tie 7 Kotka, Sutela;Väg 7 Kotka, Sutela;Road 7 Kotka, Sutela;7;28;650;26.88272858823405;60.50086278784196;7;285;Kotka;Kymenlaakso
3046;vt7_Sutela_O2;Tie 7 Kotka, Sutela;Väg 7 Kotka, Sutela;Road 7 Kotka, Sutela;7;28;650;26.88272858823405;60.50086278784196;7;285;Kotka;Kymenlaakso
3047;vt7_Sutela_Opt1;Tie 7 Kotka, Sutela;Väg 7 Kotka, Sutela;Road 7 Kotka, Sutela;7;28;650;26.88272858823405;60.50086278784196;7;285;Kotka;Kymenlaakso
3048;vt7_Sutela_Opt2;Tie 7 Kotka, Sutela;Väg 7 Kotka, Sutela;Road 7 Kotka, Sutela;7;28;650;26.88272858823405;60.50086278784196;7;285;Kotka;Kymenlaakso
3006;vt7_Sutela_R;Tie 7 Kotka, Sutela;Väg 7 Kotka, Sutela;Road 7 Kotka, Sutela;7;28;701;26.88272858823405;60.50086278784196;7;285;Kotka;Kymenlaakso
3001;vt7_Karhunkangas_R;Tie 7 Kotka, Karhunkangas;Väg 7 Kotka, Karhunkangas;Road 7 Kotka, Karhunkangas;7;31;781;26.98652889824366;60.54473793063116;0;285;Kotka;Kymenlaakso
3023;vt7_Karhunkangas_O;Tie 7 Kotka, Karhunkangas;Väg 7 Kotka, Karhunkangas;Road 7 Kotka, Karhunkangas;7;31;781;26.98652889824366;60.54473793063116;0;285;Kotka;Kymenlaakso
3029;vt7_Karhunkangas_Opt1;Tie 7 Kotka, Karhunkangas;Väg 7 Kotka, Karhunkangas;Road 7 Kotka, Karhunkangas;7;31;781;26.98652889824366;60.54473793063116;0;285;Kotka;Kymenlaakso
3030;vt7_Karhunkangas_Opt2;Tie 7 Kotka, Karhunkangas;Väg 7 Kotka, Karhunkangas;Road 7 Kotka, Karhunkangas;7;31;781;26.98652889824366;60.54473793063116;0;285;Kotka;Kymenlaakso
3002;vt7_Hamina_Summa_1;Tie 7 Hamina, Summa;Väg 7 Fredrikshamn, Summa;Road 7 Hamina, Summa;7;32;4578;27.088349234722724;60.56931948991203;0;75;Hamina;Kymenlaakso
3062;vt7_Hamina_Summa_Opt1;Tie 7 Hamina_Summa;Väg 7 Fredrikshamn_Summa;Road 7 Hamina_Summa;7;32;4578;27.088349234722724;60.56931948991203;7;75;Hamina;Kymenlaakso
3024;vt7_Hamina_Summa_2;Tie 7 Hamina, Summa;Väg 7 Fredrikshamn, Summa;Road 7 Hamina, Summa;7;32;4594;27.08853237310116;60.56957974501659;0;285;Kotka;Kymenlaakso
3063;vt7_Hamina_Summa_Opt2;Tie 7 Hamina_Summa;Väg 7 Fredrikshamn_Summa;Road 7 Hamina_Summa;7;32;4594;27.08853237310116;60.56957974501659;7;75;Hamina;Kymenlaakso
3064;vt7_Hamina_Husula_1;Tie 7 Hamina_Husula;Väg 7 Fredrikshamn_Husula;Road 7 Hamina_Husula;7;34;951;27.166582585156313;60.59228369250165;7;75;Hamina;Kymenlaakso
3065;vt7_Hamina_Husula_2;Tie 7 Hamina_Husula;Väg 7 Fredrikshamn_Husula;Road 7 Hamina_Husula;7;34;951;27.16618188589994;60.59246376055145;7;75;Hamina;Kymenlaakso
3066;vt7_Hamina_Husula_Opt1;Tie 7 Hamina_Husula;Väg 7 Fredrikshamn_Husula;Road 7 Hamina_Husula;7;34;951;27.166582585156313;60.59228369250165;7;75;Hamina;Kymenlaakso
3067;vt7_Hamina_Husula_Opt2;Tie 7 Hamina_Husula;Väg 7 Fredrikshamn_Husula;Road 7 Hamina_Husula;7;34;951;27.16618188589994;60.59246376055145;7;75;Hamina;Kymenlaakso
3056;vt7_Hamina_Kolsila_itä_1;Tie 7 Hamina_Kolsila_itä;Väg 7 Fredrikshamn_Kolsila_itä;Road 7 Hamina_Kolsila_itä;7;35;3650;27.255548956358062;60.59541144921669;7;75;Hamina;Kymenlaakso
3057;vt7_Hamina_Kolsila_itä_2;Tie 7 Hamina_Kolsila_itä;Väg 7 Fredrikshamn_Kolsila_itä;Road 7 Hamina_Kolsila_itä;7;35;3650;27.256371028320658;60.59547272533612;7;75;Hamina;Kymenlaakso
3058;vt7_Hamina_Kolsila_itä_Opt1;Tie 7 Hamina_Kolsila_itä;Väg 7 Fredrikshamn_Kolsila_itä;Road 7 Hamina_Kolsila_itä;7;35;3650;27.255548956358062;60.59541144921669;7;75;Hamina;Kymenlaakso
3059;vt7_Hamina_Kolsila_itä_Opt2;Tie 7 Hamina_Kolsila_itä;Väg 7 Fredrikshamn_Kolsila_itä;Road 7 Hamina_Kolsila_itä;7;35;3650;27.256371028320658;60.59547272533612;7;75;Hamina;Kymenlaakso
3034;vt7_Lelu_R;Tie 7 Hamina, Lelu;Väg 7 Fredrikshamn, Lelu;Road 7 Hamina, Lelu;7;36;6551;27.38280847212339;60.56648402985124;0;75;Hamina;Kymenlaakso
3035;vt7_Lelu_Opt;Tie 7 Hamina, Lelu;Väg 7 Fredrikshamn, Lelu;Road 7 Hamina, Lelu;7;36;6551;27.38280847212339;60.56648402985124;0;75;Hamina;Kymenlaakso
5011;vt7_Virojoki_R;Tie 7 Virolahti, Virojoki;Väg 7 Vederlax, Virojoki;Road 7 Virolahti, Virojoki;7;41;977;27.725033598519904;60.58666876084937;0;935;Virolahti;Kymenlaakso
5009;vt12_Mankala_R;Tie 12 Iitti, Mankala;Väg 12 Itis, Mankala;Road 12 Iitti, Mankala;12;229;1250;26.186076338048377;60.911052101690785;0;142;Iitti;Kymenlaakso
3014;vt15_Kotkansaari_R;Tie 15 Kotka, Kotkansaari;Väg 15 Kotka, Kotkansaari;Road 15 Kotka, Kotkansaari;15;1;0;26.917829823601053;60.46349310307971;0;285;Kotka;Kymenlaakso
3015;vt15_Kotkansaari_O1;Tie 15 Kotka, Kotkansaari;Väg 15 Kotka, Kotkansaari;Road 15 Kotka, Kotkansaari;15;1;1;26.917829823601053;60.46349310307971;0;285;Kotka;Kymenlaakso
3016;vt15_Kotkansaari_O2;Tie 7 Kotka, Kotkansaari;Väg 7 Kotka, Kotkansaari;Road 7 Kotka, Kotkansaari;15;1;2;26.917829823601053;60.46349310307971;0;285;Kotka;Kymenlaakso
5012;vt15_Juurikorpi_R;Tie 15 Juurikorpi;Väg 15 Juurikorpi;Road 15 Juurikorpi;15;3;3000;26.921659317876745;60.624839510893445;0;286;Kouvola;Kymenlaakso
5023;vt15_Juurikorpi_Opt;Tie 15 Juurikorpi;Väg 15 Juurikorpi;Road 15 Juurikorpi;15;3;3000;26.921659317876745;60.624839510893445;0;286;Kouvola;Kymenlaakso
3011;vt15_Tuohikotti_R;Tie 15 Kouvola, Tuohikotti;Väg 15 Kouvola, Tuohikotti;Road 15 Kouvola, Tuohikotti;15;15;705;27.059247978278663;61.07418585891041;0;286;Kouvola;Kymenlaakso
3043;vt26_Myllykylä_R;Tie 26 Hamina, Myllykylä;Väg 26 Fredrikshamn, Myllykylä;Road 26 Hamina, Myllykylä;26;4;2192;27.216493073739237;60.63038863294079;0;75;Hamina;Kymenlaakso
3044;vt26_Myllykylä_Opt;Tie 26 Hamina, Myllykylä;Väg 26 Fredrikshamn, Myllykylä;Road 26 Hamina, Myllykylä;26;4;2192;27.216493073739237;60.63038863294079;0;75;Hamina;Kymenlaakso
5013;vt26_Pyhältö_R;Tie 26 Hamina, Pyhältö;Väg 26 Fredrikshamn, Pyhältö;Road 26 Hamina, Pyhältö;26;7;3875;27.35021342805795;60.77727933907811;0;75;Hamina;Kymenlaakso
5025;vt26_Pyhältö_Opt;Tie 26 Hamina, Pyhältö;Väg 26 Fredrikshamn, Pyhältö;Road 26 Hamina, Pyhältö;26;7;3875;27.35021342805795;60.77727933907811;0;75;Hamina;Kymenlaakso
5007;vt6_Taavetti_R;Tie 6 Luumäki, Taavetti;Väg 6 Luumäki, Taavetti;Road 6 Luumäki, Taavetti;6;210;1914;27.66006983829622;60.93405276279245;0;441;Luumäki;Etelä-Karjala
5021;vt6_Taavetti_Opt;Tie 6 Taavetti;Väg 6 Davidstad;Road 6 Taavetti;6;210;1914;27.66006983829622;60.93405276279245;0;441;Luumäki;Etelä-Karjala
3036;vt6_Kärki_R;Tie 6 Lappeenranta, Kärki;Väg 6 Villmanstrand, Kärki;Road 6 Lappeenranta, Kärki;6;216;1351;28.126474679977985;61.03666772194424;0;405;Lappeenranta;Etelä-Karjala
3037;vt6_Kärki_O;Tie 6 Lappeenranta, Kärki;Väg 6 Villmanstrand, Kärki;Road 6 Lappeenranta, Kärki;6;216;1351;28.126474679977985;61.03666772194424;0;405;Lappeenranta;Etelä-Karjala
3038;vt6_Kärki_Opt1;Tie 6 Lappeenranta, Kärki;Väg 6 Villmanstrand, Kärki;Road 6 Lappeenranta, Kärki;6;216;1351;28.126474679977985;61.03666772194424;0;405;Lappeenranta;Etelä-Karjala
3039;vt6_Kärki_Opt2;Tie 6 Lappeenranta, Kärki;Väg 6 Villmanstrand, Kärki;Road 6 Lappeenranta, Kärki;6;216;1352;28.126474679977985;61.03666772194424;0;405;Lappeenranta;Etelä-Karjala
5008;vt6_Lappeenranta_R;Tie 6 Lappeenranta, Mälkiä;Väg 6 Villmanstrand, Mälkiä;Road 6 Lappeenranta, Mälkiä;6;303;1100;28.310215085557857;61.071706964286584;0;405;Lappeenranta;Etelä-Karjala
3040;vt6_Lappeenranta_O;Tie 6 Lappeenranta, Mälkiä;Väg 6 Villmanstrand, Mälkiä;Road 6 Lappeenranta, Mälkiä;6;303;1101;28.310215085557857;61.071706964286584;0;405;Lappeenranta;Etelä-Karjala
3041;vt6_Lappeenranta_Opt1;Tie 6 Lappeenranta, Mälkiä;Väg 6 Villmanstrand, Mälkiä;Road 6 Lappeenranta, Mälkiä;6;303;1102;28.310215085557857;61.071706964286584;0;405;Lappeenranta;Etelä-Karjala
3042;vt6_Lappeenranta_Opt2;Tie 6 Lappeenranta, Mälkiä;Väg 6 Villmanstrand, Mälkiä;Road 6 Lappeenranta, Mälkiä;6;303;1103;28.310215085557857;61.071706964286584;0;405;Lappeenranta;Etelä-Karjala
5004;vt6_Imatra_R;Tie 6 Imatra;Väg 6 Imatra;Road 6 Imatra;6;311;2346;28.867236897092354;61.238959276568835;0;153;Imatra;Etelä-Karjala
5020;vt6_Imatra_Opt;Tie 6 Imatra;Väg 6 Imatra;Road 6 Imatra;6;311;2346;28.867236897092354;61.238959276568835;0;153;Imatra;Etelä-Karjala
5026;vt6_Imatra_O;Tie 6 Imatra;Väg 6 Imatra;Road 6 Imatra;6;311;2346;28.867236897092354;61.238959276568835;0;153;Imatra;Etelä-Karjala
3050;vt6_Simpele_Änkilä_Opt;Tie 6 Simpele, Änkilä;Väg 6 Simpele, Änkilä;Road 6 Simpele, Änkilä;6;318;4975;29.341090464039002;61.419182661420614;0;689;Rautjärvi;Etelä-Karjala
5005;vt6_Parikkala_R;Tie 6 Parikkala;Väg 6 Parikkala;Road 6 Parikkala;6;325;607;29.58672043118987;61.64830828663739;0;580;Parikkala;Etelä-Karjala
5015;vt13_Savitaipale_R;Tie 13 Savitaipale;Väg 13 Savitaipale;Road 13 Savitaipale;13;235;1692;27.74595994196597;61.16878957785077;0;739;Savitaipale;Etelä-Karjala
5024;vt13_Savitaipale_Opt;Tie 13 Savitaipale;Väg 13 Savitaipale;Road 13 Savitaipale;13;235;1692;27.741085072977235;61.17176115642686;0;739;Savitaipale;Etelä-Karjala
3012;vt13_Karhusjärvi_R;Tie 13 Lappeenranta, Karhu;Väg 13 Villmanstrand, Karhus;Road 13 Lappeenranta, Karhusjä;13;239;4759;28.363769486323353;61.038340085003256;0;405;Lappeenranta;Etelä-Karjala
5014;st387_Ylämaa_R;Tie 387 Ylämaa;Väg 387 Ylämaa;Road 387 Ylämaa;387;7;3433;27.98042100222201;60.76488985539247;0;405;Lappeenranta;Etelä-Karjala
3031;st408_Saimaanharju_K;Tie 408 Saimaanharju;Väg 408 Saimaanharju;Road 408 Saimaanharju;408;2;5025;28.088787054412464;61.136613045815245;0;831;Taipalsaari;Etelä-Karjala
3022;vt5_Kuortti_R;Tie 5 Pertunmaa, Kuortti;Väg 5 Pertunmaa, Kuortti;Road 5 Pertunmaa, Kuortti;5;116;6696;26.386536432294424;61.39934030835074;0;588;Pertunmaa;Etelä-Savo
6013;vt5_Kuortti_Opt;Tie 5 Pertunmaa, Kuortti;Väg 5 Pertunmaa, Kuortti;Road 5 Pertunmaa, Kuortti;5;116;6696;26.386536432294424;61.39934030835074;0;588;Pertunmaa;Etelä-Savo
6002;vt5_Toivola_R;Tie 5 Mäntyharju, Toivola;Väg 5 Mäntyharju, Toivola;Road 5 Mäntyharju, Toivola;5;119;5800;26.69943257772114;61.44984742710552;0;507;Mäntyharju;Etelä-Savo
6020;vt5_Toivola_Opt_02;Tie 5 Mäntyharju, Toivola;Väg 5 Mäntyharju, Toivola;Road 5 Mäntyharju, Toivola;5;119;5800;26.69943257772114;61.44984742710552;0;507;Mäntyharju;Etelä-Savo
3004;vt5_Mikkeli_R;Tie 5 Mikkeli;Väg 5 S:t Michel;Road 5 Mikkeli;5;128;800;27.253125987238906;61.677399211226415;0;491;Mikkeli;Etelä-Savo
6012;vt5_Mikkeli_Opt;Tie 5 Mikkeli;Väg 5 S:t Michel;Road 5 Mikkeli;5;128;800;27.253125987238906;61.677399211226415;0;491;Mikkeli;Etelä-Savo
6003;vt5_Nuutilanmäki_R;Tie 5 Juva, Nuutilanmäki;Väg 5 Jockas, Nuutilanmäki;Road 5 Juva, Nuutilanmäki;5;134;2000;27.62853250333201;61.81862346631378;0;178;Juva;Etelä-Savo
6014;vt5_Nuutilanmäki_Opt;Tie 5 Juva, Nuutilanmäki;Väg 5 Jockas, Nuutilanmäki;Road 5 Juva, Nuutilanmäki;5;134;2000;27.62853250333201;61.81862346631378;0;178;Juva;Etelä-Savo
6005;vt5_Puunkolo_R;Tie 5 Joroinen, Puunkolo;Väg 5 Jorois, Puunkolo;Road 5 Joroinen, Puunkolo;5;140;3250;27.81020372432559;62.05928378316872;0;171;Joroinen;Etelä-Savo
6015;vt5_Puunkolo_Opt;Tie 5 Joroinen, Puunkolo;Väg 5 Jorois, Puunkolo;Road 5 Joroinen, Puunkolo;5;140;3250;27.81020372432559;62.05928378316872;0;171;Joroinen;Etelä-Savo
6021;vt13_Kangasniemi_Häppälä_Opt;Tie 13 Kangasniemi;Väg 13 Kangasniemi;Road 13 Kangasniemi;13;203;2452;26.318850724439656;62.15918263527374;162;213;Kangasniemi;Etelä-Savo
6010;vt13_Läsänkoski_R;Tie 13 Mikkeli, Läsäkoski;Väg 13 St. Michel, Läsäkoski;Road 13 Mikkelin, Läsäkoski;13;213;1002;26.958897149040176;61.88451683137375;0;491;Mikkeli;Etelä-Savo
5006;vt13_Kauriansalmi_R;Tie 13 Suomenniemi, Kauria;Väg 13 Suomenniemi, Kaurians;Road 13 Suomenniemi, Kauriansa;13;229;1771;27.39358550810469;61.30782860683247;0;491;Mikkeli;Etelä-Savo
5022;vt13_Kauriansalmi_Opt;Tie 13 Suomenniemi, Kauria;Väg 13 Suomenniemi, Kaurians;Road 13 Suomenniemi, Kauriansa;13;229;1771;27.39358550810469;61.30782860683247;0;491;Mikkeli;Etelä-Savo
6006;vt14_Parkumäki_R;Tie 14 Rantasalmi, Parkumä;Väg 14 Rantasalmi, Parkumäki;Road 14 Rantasalmi, Parkumäki;14;10;1500;28.528205617146178;61.94012588916228;0;681;Rantasalmi;Etelä-Savo
6022;vt14_Parkumäki_Opt;Tie 14 Rantasalmi, Parkumä;Väg 14 Rantasalmi, Parkumäki;Road 14 Rantasalmi, Parkumäki;14;10;1500;28.528205617146178;61.94012588916228;0;681;Rantasalmi;Etelä-Savo
6023;vt14_Hevonpäänniemi_R;Tie 14 Savonlinna, Hevonpäänniemi;Väg 14 Nyslott, Hevonpäänniemi;Road 14 Savonlinna, Hevonpäänniem;14;14;1866;28.854434563496575;61.87924613250261;0;740;Savonlinna;Etelä-Savo
6024;vt14_Hevonpäänniemi_Opt1;Tie 14 Savonlinna, Hevonpäänniemi;Väg 14 Nyslott, Hevonpäänniemi;Road 14 Savonlinna, Hevonpäänniem;14;14;1866;28.854434563496575;61.87924613250261;0;740;Savonlinna;Etelä-Savo
6025;vt14_Hevonpäänniemi_Opt2;Tie 14 Savonlinna, Hevonpäänniemi;Väg 14 Nyslott, Hevonpäänniemi;Road 14 Savonlinna, Hevonpäänniem;14;14;1866;28.854434563496575;61.87924613250261;0;740;Savonlinna;Etelä-Savo
3033;vt14_Kyrönsalmen_silta_Opt;Tie 14 Savonlinna, Kyrönsalmi;Väg 14 Nyslott, Kyrönsalmi;Road 14 Savonlinna, Kyrönsalmi;14;15;1342;28.899693972333814;61.86826628890106;0;740;Savonlinna;Etelä-Savo
6019;vt14_Kyrönsalmen_silta_Opt2;Tie 14 Savonlinna;Väg 14Nyslott;Road 14 Savonlinna;14;15;1342;28.907930211194476;61.86983145307291;0;740;Savonlinna;Etelä-Savo
3005;vt14_Kulennoinen_R;Tie 14 Punkaharju, Kulenno;Väg 14 Punkaharju, Kulennoin;Road 14 Punkaharju, Kulennoine;14;20;1127;29.21778262701016;61.82894743981321;0;740;Savonlinna;Etelä-Savo
6017;vt14_Kulennoinen_Opt_02;Tie 14 Punkaharju, Kulenno;Väg 14 Punkaharju, Kulennoin;Road 14 Punkaharju, Kulennoine;14;20;1127;29.21778262701016;61.82894743981321;0;740;Savonlinna;Etelä-Savo
6007;vt15_Tommola_R;Tie 15 Mäntyharju, Tommola;Väg 15 Mäntyharju, Tommola;Road 15 Mäntyharju, Tommola;15;21;1600;27.16481143189487;61.28137521901126;0;507;Mäntyharju;Etelä-Savo
6018;vt15_Tommola_Opt_02;Tie 15 Mäntyharju, Tommola;Väg 15 Mäntyharju, Tommola;Road 15 Mäntyharju, Tommola;15;21;1600;27.16481143189487;61.28137521901126;0;507;Mäntyharju;Etelä-Savo
6009;vt23_Siikamäki_R;Tie 23 Pieksämäki, Siikamä;Väg 23 Pieksämäki, Siikamäki;Road 23 Pieksämäki, Siikamäki;23;314;2400;27.398787762015942;62.290755268263744;0;593;Pieksämäki;Etelä-Savo
6016;vt23_Lamminpää_K;Tie 23, Heinävesi, Lamminpää;Tie 23, Heinävesi, Lamminpää;Tie 23, Heinävesi, Lamminpää;23;410;0;28.464361861556593;62.5240258725513;100;90;Heinävesi;Etelä-Savo
6008;vt23_Suurmäki_R;Tie 23 Heinävesi, Suurmäki;Väg 23 Heinävesi, Suurmäki;Road 23 Heinävesi, Suurmäki;23;414;1100;28.920218729969555;62.53354405377744;0;90;Heinävesi;Etelä-Savo
3032;kt62_Anttola_K;Tie 62 Anttola;Väg 62 Anttola;Road 62 Anttola;62;4;6211;27.622805458834954;61.588140369017324;0;491;Mikkeli;Etelä-Savo
3003;kt62_Puumala_R;Tie 62 Puumala;Väg 62 Puumala;Road 62 Puumala;62;15;5000;28.254842085859252;61.49107947906228;0;623;Puumala;Etelä-Savo
6011;st435_Sulkava_K;Tie 435 Sulkava;Väg 435 Sulkava;Road 435 Sulkava;435;5;1395;28.318691203733344;61.79929644558112;90;768;Sulkava;Etelä-Savo
8002;vt5_Leppävirta_R;Tie 5 Leppävirta, Poijinpe;Väg 5 Leppävirta, Poijinpelt;Road 5 Leppävirta, Poijinpelto;5;148;2320;27.808657099757248;62.382870462238856;97;420;Leppävirta;Pohjois-Savo
8029;vt5_Leppävirta_Opt;Tie 5 Leppävirta, Poijinpe;Väg 5 Leppävirta, Poijinpelt;Road 5 Leppävirta, Poijinpelto;5;148;2320;27.808657099757248;62.382870462238856;97;420;Leppävirta;Pohjois-Savo
8023;vt5_Oravikoski_R;Tie 5 Leppävirta, Oravikos;Väg 5 Leppävirta, Oravikoski;Road 5 Leppävirta, Oravikoski;5;154;791;27.60515809411716;62.589584671859946;92;420;Leppävirta;Pohjois-Savo
8034;vt5_Oravikoski_Opt;Tie 5 Leppävirta, Oravikos;Väg 5 Leppävirta, Oravikoski;Road 5 Leppävirta, Oravikoski;5;154;791;27.60515809411716;62.589584671859946;92;420;Leppävirta;Pohjois-Savo
8001;vt5_Kuopio_E_R;Tie 5 Kuopio E;Väg 5 Kuopio S;Road 5 Kuopio S;5;159;470;27.60704507893737;62.841154219541345;110;297;Kuopio;Pohjois-Savo
8020;vt5_Siikalahti_R;Tie 5 Kuopio, Siikalahti;Väg 5 Kuopio, Siikalahti;Road 5 Kuopio, Siikalahti;5;160;78;27.636921063293883;62.88512033913825;115;297;Kuopio;Pohjois-Savo
8021;vt5_Siikalahti_O_S;Tie 5 Kuopio, Siikalahti;Väg 5 Kuopio, Siikalahti;Road 5 Kuopio, Siikalahti;5;160;78;27.636921063293883;62.88512033913825;115;297;Kuopio;Pohjois-Savo
8025;vt5_Siikalahti_Opt;Tie 5 Kuopio, Siikalahti;Väg 5 Kuopio, Siikalahti;Road 5 Kuopio, Siikalahti;5;160;78;27.636921063293883;62.88512033913825;115;297;Kuopio;Pohjois-Savo
8038;vt5_Rahusen_lampi_Opt1;Tie 5 Kuopio, Rahusenlampi;Väg 9 Kuopio, Rahusenlampi;Road 9 Kuopio, Rahusenlampi;5;201;2206;27.677975015681227;62.918839443635655;101;297;Kuopio;Pohjois-Savo
8040;vt5_Rahusen_lampi_Opt2;Tie 5 Kuopio, Rahusenlampi;Väg 9 Kuopio, Rahusenlampi;Road 9 Kuopio, Rahusenlampi;5;201;2206;27.677975015681227;62.918839443635655;101;297;Kuopio;Pohjois-Savo
8071;vt5_Rahusen_lampi_Opt3;;;;5;201;2206;27.677975015681227;62.918839443635655;101;297;Kuopio;Pohjois-Savo
8072;vt5_Rahusen_lampi_Opt4;;;;5;201;2206;27.677975015681227;62.918839443635655;101;297;Kuopio;Pohjois-Savo
8066;vt5_Tikkalansaari_R;Tie 5 Tikkalansaari;Väg 5 Tikkalansaari;Road 5 Tikkalansaari;5;202;1470;27.671429442544945;62.94683013706757;98;297;Kuopio;Pohjois-Savo
8067;vt5_Tikkalansaari_Opt1;Tie 5 Tikkalansaari;Väg 5 Tikkalansaari;Road 5 Tikkalansaari;5;202;1470;27.671429442544945;62.94683013706757;98;297;Kuopio;Pohjois-Savo
8068;vt5_Tikkalansaari_Opt2;Tie 5 Tikkalansaari;Väg 5 Tikkalansaari;Road 5 Tikkalansaari;5;202;1470;27.671429442544945;62.94683013706757;98;297;Kuopio;Pohjois-Savo
8069;vt5_Tikkalansaari_Silta_Opt1;Tie 5 Tikkalansaaren silta;Väg 5 Tikkalansaaren silta;Road 5 Tikkalansaaren silta;5;202;1550;27.672114858113392;62.94750005586838;99;297;Kuopio;Pohjois-Savo
8075;vt5_Tikkalansaari_Silta_Opt2;Tie 5 Tikkalansaaren silta;Väg 5 Tikkalansaaren silta;Road 5 Tikkalansaaren silta;5;202;1550;27.672114858113392;62.94750005586838;99;297;Kuopio;Pohjois-Savo
8042;vt5_Sorsas_Vuor_Opt1;Tie 5 Kuopio, Sorsasalo-Vuorela;Väg 9 Kuopio, Sorsasalo-Vuorela;Road 9 Kuopio, Sorsasalo-Vuorela;5;202;3820;27.697142471102357;62.964010779784765;85;297;Kuopio;Pohjois-Savo
8044;vt5_Sorsas_Vuor_Opt2;Tie 5 Kuopio, Sorsasalo-Vuorela;Väg 9 Kuopio, Sorsasalo-Vuorela;Road 9 Kuopio, Sorsasalo-Vuorela;5;202;3820;27.697142471102357;62.964010779784765;85;297;Kuopio;Pohjois-Savo
8073;vt5_Sorsas_Vuor_Opt3;;;;5;202;3820;27.697142471102357;62.964010779784765;85;297;Kuopio;Pohjois-Savo
8074;vt5_Sorsas_Vuor_Opt4;;;;5;202;3820;27.697142471102357;62.964010779784765;85;297;Kuopio;Pohjois-Savo
8005;vt5_Siilinjärvi_R;Tie 5 Siilinjärvi;Väg 5 Siilinjärvi;Road 5 Siilinjärvi;5;205;4945;27.66527610779326;63.06286932803404;110;749;Siilinjärvi;Pohjois-Savo
8030;vt5_Siilinjärvi_Opt;Tie 5 Siilinjärvi;Väg 5 Siilinjärvi;Road 5 Siilinjärvi;5;205;4945;27.66527610779326;63.06286932803404;110;749;Siilinjärvi;Pohjois-Savo
8003;vt5_Lapinlahti_R;Tie 5 Lapinlahti, Mäntylah;Väg 5 Lapinlax, Mäntylahti;Road 5 Lapinlahti, Mäntylahti;5;212;460;27.451519690376752;63.309524965690095;90;402;Lapinlahti;Pohjois-Savo
8035;vt5_Lapinlahti_Opt;Tie 5 Lapinlahti, Mäntylah;Väg 5 Lapinlax, Mäntylahti;Road 5 Lapinlahti, Mäntylahti;5;212;460;27.451519690376752;63.309524965690095;90;402;Lapinlahti;Pohjois-Savo
8004;vt5_Iisalmi_R;Tie 5 Iisalmi, Ryhälänmäki;Väg 5 Idensalmi, Ryhälänmäki;Road 5 Iisalmi, Ryhälänmäki;5;219;5700;27.28548439836127;63.66612530182561;187;140;Iisalmi;Pohjois-Savo
8032;vt5_Iisalmi_Opt;Tie 5 Iisalmi, Ryhälänmäki;Väg 5 Idensalmi, Ryhälänmäki;Road 5 Iisalmi, Ryhälänmäki;5;219;5700;27.28548439836127;63.66612530182561;187;140;Iisalmi;Pohjois-Savo
8009;vt9_Suonenjoki_R;Tie 9 Suonenjoki;Väg 9 Suonenjoki;Road 9 Suonenjoki;9;318;4050;27.049387065334003;62.58530093878485;106;778;Suonenjoki;Pohjois-Savo
8033;vt9_Suonenjoki_Opt;Tie 9 Suonenjoki;Väg 9 Suonenjoki;Road 9 Suonenjoki;9;318;4050;27.049387065334003;62.58530093878485;106;778;Suonenjoki;Pohjois-Savo
8014;vt9_Vehmasmäki_R;Tie 9 Kuopio, Vehmasmäki;Väg 9 Kuopio, Vehmasmäki;Road 9 Kuopio, Vehmasmäki;9;325;5000;27.55399240488856;62.72762245712419;132;297;Kuopio;Pohjois-Savo
8024;vt9_Vehmasmäki_Opt;Tie 9 Kuopio, Vehmasmäki;Väg 9 Kuopio, Vehmasmäki;Road 9 Kuopio, Vehmasmäki;9;325;5000;27.55399240488856;62.72762245712419;132;297;Kuopio;Pohjois-Savo
8012;vt9_Jännevirta_R;Tie 9 Kuopio, Jännevirta;Väg 9 Kuopio, Jännevirta;Road 9 Kuopio, Jännevirta;9;329;2367;27.86192049868048;62.95814705238883;88;297;Kuopio;Pohjois-Savo
8016;vt9_Jännevirta_O;Tie 9 Jännevirta;Väg 9 Jännevirta;Road 9 Jännevirta;9;329;2367;27.86192049868048;62.95814705238883;88;297;Kuopio;Pohjois-Savo
8036;vt9_Jännevirta_Opt;Tie 9 Kuopio, Jännevirta;Väg 9 Kuopio, Jännevirta;Road 9 Kuopio, Jännevirta;9;329;2367;27.86192049868048;62.95814705238883;88;297;Kuopio;Pohjois-Savo
8011;vt9_Vartiala_R;Tie 9 Kuopio, Vartiala;Väg 9 Kuopio, Vartiala;Road 9 Kuopio, Vartiala;9;330;6603;28.043008618268356;62.93155042425303;116;297;Kuopio;Pohjois-Savo
8015;vt9_Vartiala_O;Tie 9 Kuopio, Vartiala;Väg 9 Kuopio, Vartiala;Road 9 Kuopio, Vartiala;9;330;6603;28.043008618268356;62.93155042425303;116;297;Kuopio;Pohjois-Savo
8037;vt9_Vartiala_Opt;Tie 9 Kuopio, Vartiala;Väg 9 Kuopio, Vartiala;Road 9 Kuopio, Vartiala;9;330;6603;28.043008618268356;62.93155042425303;116;297;Kuopio;Pohjois-Savo
8006;vt9_Tuusjärvi_R;Tie 9 Tuusniemi, Tuusjärvi;Väg 9 Tuusniemi, Tuusjärvi;Road 9 Tuusniemi, Tuusjärvi;9;333;5960;28.34460879992988;62.86780477301719;105;857;Tuusniemi;Pohjois-Savo
8031;vt9_Tuusjärvi_Opt;Tie 9 Tuusniemi, Tuusjärvi;Väg 9 Tuusniemi, Tuusjärvi;Road 9 Tuusniemi, Tuusjärvi;9;333;5960;28.34460879992988;62.86780477301719;105;857;Tuusniemi;Pohjois-Savo
8064;vt23_Mustinsalo_R;Tie 23 Varkaus, Mustinsalo;Väg 23 Varkaus, Mustinsalo;Road 23 Varkaus, Mustinsalo;23;404;375;28.154718912943004;62.37452422965553;103;915;Varkaus;Pohjois-Savo
8065;vt23_Mustinsalo_Opt;Tie 23 Varkaus, Mustinsalo;Väg 23 Varkaus, Mustinsalo;Road 23 Varkaus, Mustinsalo;23;404;375;28.154718912943004;62.37452422965553;103;915;Varkaus;Pohjois-Savo
8010;vt27_Kiuruvesi_R;Tie 27 Iisalmi, Kiuruvesi;Väg 27 Idensalmi, Kiuruvesi;Road 27 Iisalmi, Kiuruvesi;27;25;3000;26.84346137726702;63.61430715035302;132;140;Iisalmi;Pohjois-Savo
8008;kt75_Nilsiä_R;Tie 75 Nilsiä;Väg 75 Nilsiä;Road 75 Nilsiä;75;6;2750;28.05635455696118;63.15738928298083;160;297;Kuopio;Pohjois-Savo
8007;kt77_Pielavesi_R;Tie 77 Pielavesi, Löytynjä;Väg 77 Pielavesi, Löytynjärv;Road 77 Pielavesi, Löytynjärvi;77;27;1000;26.948974942070052;63.23219366207695;158;595;Pielavesi;Pohjois-Savo
8018;kt87_Koirakoski_K;Tie 87 Koirakoski;Väg 87 Koirakoski;Road 87 Koirakoski;87;8;2568;27.800845851171708;63.606677354467465;120;762;Sonkajärvi;Pohjois-Savo
8017;kt88_Isomäki_K;Tie 88 Kuopio, Isomäki;Väg 88 Kuopio, Isomäki;Road 88 Kuopio, Isomäki;88;25;50;26.729571720117924;63.911548926085324;189;925;Vieremä;Pohjois-Savo
8019;st551_Vesanto_K;Tie 551 Vesanto;Väg 551 Vesanto;Road 551 Vesanto;551;15;1767;26.3892251538696;62.927179459807924;112;921;Vesanto;Pohjois-Savo
7002;vt6_Kesälahti_R;Tie 6 Kesälahti, Poiksilta;Väg 6 Kesälax, Poiksilta;Road 6 Kesälahti, Poiksilta;6;329;6595;29.731457751159162;61.79724623009317;100;260;Kitee;Pohjois-Karjala
7031;vt6_Kousa_Opt;Tie 6, Kitee, Kousa;Väg 6, Kitee, Kousa;Road 6, Kitee, Kousa;6;334;6475;29.868124380835233;61.9743067454626;89;260;Kitee;Pohjois-Karjala
7005;vt6_Tohmajärvi_R;Tie 6 Tohmajärvi, Onkamo;Väg 6 Tohmajärvi, Onkamo;Road 6 Tohmajärvi, Onkamo;6;341;1265;30.104329583670502;62.23835346355023;111;848;Tohmajärvi;Pohjois-Karjala
7035;vt6_Tohmajärvi_Opt;Tie 6 Tohmajärvi, Onkamo;Väg 6 Tohmajärvi, Onkamo;Road 6 Tohmajärvi, Onkamo;6;341;1265;30.104329583670502;62.23835346355023;111;848;Tohmajärvi;Pohjois-Karjala
7014;vt6_Tikkala_R;Tie 6 Pyhäselkä, Tikkala;Väg 6 Pyhäselkä, Tikkala;Road 6 Pyhäselkä, Tikkala;6;345;1147;30.09045112473241;62.40076342855856;80;167;Joensuu;Pohjois-Karjala
7020;vt6_Tikkala_Opt;Tie 6 Tikkala;Väg 6 Tikkala;Road 6 Tikkala;6;345;1147;30.09045112473241;62.40076342855856;80;167;Joensuu;Pohjois-Karjala
7033;vt6_Pekkalan_silta_Opt;Tie 6 Joensuu, Pekkalan silta;Väg 6 Joensuu, Pekkalan silta;Road 6 Joensuu, Pekkalan silta;6;350;1480;29.78654764667197;62.61142797883271;80;167;Joensuu;Pohjois-Karjala
7018;vt6_Joensuu_R;Tie 6 Joensuu;Väg 6 Åminne;Road 6 Joensuu;6;350;2081;29.781150786622668;62.61417599623029;81;167;Joensuu;Pohjois-Karjala
7029;vt6_Joensuu_Opt_01;Tie 6 Joensuu;Väg 6 Åminne;Road 6 Joensuu;6;350;2081;29.781150786622668;62.61417599623029;81;167;Joensuu;Pohjois-Karjala
7030;vt6_Joensuu_Opt_02;Tie 6 Joensuu;Väg 6 Åminne;Road 6 Joensuu;6;350;2081;29.781150786622668;62.61417599623029;81;167;Joensuu;Pohjois-Karjala
7001;vt6_Lehmo_R;Tie 6 Kontiolahti, Lehmo;Väg 6 Kontiolax, Lehmo;Road 6 Kontiolahti, Lehmo;6;401;5260;29.783818656154054;62.64471525508734;93;276;Kontiolahti;Pohjois-Karjala
7021;vt6_Lehmo_Opt;Tie 6 Kontiolahti, Lehmo;Väg 6 Kontiolax, Lehmo;Road 6 Kontiolahti, Lehmo;6;401;5260;29.783818656154054;62.64471525508734;93;276;Kontiolahti;Pohjois-Karjala
7006;vt6_Juuka_R;Tie 6 Juuka;Väg 6 Juga;Road 6 Juuka;6;412;8455;29.30234129095274;63.2166198925919;108;176;Juuka;Pohjois-Karjala
7007;vt6_Nurmes_R;Tie 6 Valtimo;Väg 6 Valtimo;Road 6 Valtimo;6;420;4290;28.91105722753194;63.62860636562758;112;911;Valtimo;Pohjois-Karjala
7003;vt9_Liperi_R;Tie 9 Liperi, Ahonkylä;Väg 9 Libelits, Ahonkylä;Road 9 Liperi, Ahonkylä;9;345;140;29.149069548495245;62.66215589709664;95;426;Liperi;Pohjois-Karjala
7023;vt9_Liperi_Opt;Tie 9 Liperi, Ahonkylä;Väg 9 Libelits, Ahonkylä;Road 9 Liperi, Ahonkylä;9;345;140;29.149069548495245;62.66215589709664;95;426;Liperi;Pohjois-Karjala
7012;vt9_Käsämä_R;Tie 9 Liperi, Käsämä;Väg 9 Libelits, Käsämä;Road 9 Liperi, Käsämä;9;348;1635;29.34114569032349;62.63248947475602;90;426;Liperi;Pohjois-Karjala
7013;vt9_Käsämä_O;Tie 9 Käsämä;Väg 9 Käsämä;Road 9 Käsämä;9;348;1635;29.34114569032349;62.63248947475602;90;426;Liperi;Pohjois-Karjala
7027;vt9_Käsämä_Opt;Tie 9 Liperi, Käsämä;Väg 9 Libelits, Käsämä;Road 9 Liperi, Käsämä;9;348;1635;29.34114569032349;62.63248947475602;90;426;Liperi;Pohjois-Karjala
7009;vt9_Ylämylly_R;Tie 9 Liperi, Ylämylly;Väg 9 Libelits, Ylämylly;Road 9 Liperi, Ylämylly;9;351;3540;29.60454220208326;62.63046125215644;102;426;Liperi;Pohjois-Karjala
7022;vt9_Ylämylly_Opt;Tie 9 Liperi, Ylämylly;Väg 9 Libelits, Ylämylly;Road 9 Liperi, Ylämylly;9;351;3540;29.60454220208326;62.63046125215644;102;426;Liperi;Pohjois-Karjala
7011;vt9_Värtsilä_R;Tie 9 Värtsilä;Väg 9 Värtsilä;Road 9 Värtsilä;9;360;4645;30.525932242105082;62.17866024306914;89;848;Tohmajärvi;Pohjois-Karjala
7017;kt71_Väärämäki_K;Tie 71 Väärämäki;Väg 71 Väärämäki;Road 71 Väärämäki;71;8;4723;29.61148072621686;62.05413651660782;96;260;Kitee;Pohjois-Karjala
7015;kt73_Louhioja_R;Tie 73 Eno, Louhioja;Väg 73 Eno, Louhioja;Road 73 Eno, Louhioja;73;4;3838;30.100413901554912;62.797086491911486;97;167;Joensuu;Pohjois-Karjala
7028;kt73_Louhioja_Opt;Tie 73 Eno, Louhioja;Väg 73 Eno, Louhioja;Road 73 Eno, Louhioja;73;4;3838;30.100413901554912;62.797086491911486;97;167;Joensuu;Pohjois-Karjala
7004;kt73_Lieksa_R;Tie 73 Lieksa;Väg 73 Lieksa;Road 73 Lieksa;73;15;6650;30.14732436192408;63.18757957863131;165;422;Lieksa;Pohjois-Karjala
7032;kt73_Vieki_K;Tie 73, Vieki;Väg 73, Vieki;Väg 73, Vieki;73;25;4040;29.623929551460407;63.47481251377155;100;422;Lieksa;Pohjois-Karjala
7008;kt74_Ilomantsi_R;Tie 74 Ilomantsi, Marjovaa;Väg 74 Ilomants, Marjovaara;Road 74 Ilomantsi, Marjovaara;74;11;4460;30.70316455406863;62.58299410911755;190;146;Ilomantsi;Pohjois-Karjala
7019;kt75_Mujejärvi_R;Tie 75 Mujejärvi;Väg 75 Mujejärvi;Road 75 Mujejärvi;75;28;7518;29.45766084341501;63.82409352826399;249;541;Nurmes;Pohjois-Karjala
7026;st500_Hoilola_K;Tie 500 Joensuu, Hoiloila;Väg 500 Joensuu, Hoiloila;Road 500 Joensuu, Hoiloila;500;7;1760;30.850581667219277;62.345494436256544;129;167;Joensuu;Pohjois-Karjala
7010;st502_Ylämylly_O_S;Tie 502 Ylämylly;Väg 502 Ylämylly;Road 502 Ylämylly;502;1;350;29.603859273770375;62.63268330566388;107;426;Liperi;Pohjois-Karjala
7025;st522_Hatunkylä_K;Tie 522 Lieksa, Hatunkylä;Väg 522 Lieksa, Hatunkylä;Road 522 Lieksa, Hatunkylä;522;19;4245;30.532658440889257;63.28363013857555;172;422;Lieksa;Pohjois-Karjala
7024;st524_Nurmijärvi_K;Tie 524 Lieksa, Nurmijärvi;Väg 524 Lieksa, Nurmijärvi;Road 524 Lieksa, Nurmijärvi;524;5;1541;29.995823487315665;63.52359233062807;129;422;Lieksa;Pohjois-Karjala
7016;st522_Hattuvaara_K;Tie 552 Hattuvaara;Väg 552 Hattuvaara;Road 552 Hattuvaara;552;7;3838;31.27829448342167;62.92999494451202;206;146;Ilomantsi;Pohjois-Karjala
7034;yt5200_Lieksa_Jaakonvaara_K;Tie 5200 Lieksa;Väg 5200 Lieksa;Road 5200 Lieksa;5200;10;4720;30.360182560252586;63.09020811273966;226;422;Lieksa;Pohjois-Karjala
9013;vt4_Joutsa_R;Tie 4 Joutsa;Väg 4 Joutsa;Road 4 Joutsa;4;220;1290;26.0838556649598;61.72242886235861;95;172;Joutsa;Keski-Suomi
9025;vt4_Joutsa_Opt;Tie 4 Joutsa;Väg 4 Joutsa;Road 4 Joutsa;4;220;1290;26.0838556649598;61.72242886235861;95;172;Joutsa;Keski-Suomi
9001;vt4_Toivakka_R;Tie 4 Toivakka;Väg 4 Toivakka;Road 4 Toivakka;4;227;8;26.048729440240823;62.03287152737861;185;850;Toivakka;Keski-Suomi
9024;vt4_Toivakka_Opt;Tie 4 Toivakka;Väg 4 Toivakka;Road 4 Toivakka;4;227;8;26.048729440240823;62.03287152737861;185;850;Toivakka;Keski-Suomi
9019;vt4_Puuppola_R;Tie 4 Jyväskylä, Puuppola;Väg 4 Jyväskylä, Puuppola;Road 4 Jyväskylä, Puuppola;4;303;2460;25.70009097733267;62.36388101323485;0;179;Jyväskylä;Keski-Suomi
9006;vt4_Tikkakoski_R;Tie 4 Laukaa, Vehniä;Väg 4 Laukas, Vehniä;Road 4 Laukaa, Vehniä;4;304;3913;25.693883006404857;62.41996755776844;135;410;Laukaa;Keski-Suomi
9018;vt4_Petomäki_R;Tie 4 Äänekoski, Petomäki;Väg 4 Äänekoski, Petomäki;Road 4 Äänekoski, Petomäki;4;311;660;25.76727297659452;62.6938254658723;0;992;Äänekoski;Keski-Suomi
9023;vt4_Lintulahti_Opt;Tie 4 Lintulahti;Väg 4 Lintulahti;Road 4 Lintulahti;4;313;400;25.807521800884505;62.80696589462434;101;601;Pihtipudas;Keski-Suomi
9004;vt4_Konginkangas_R;Tie 4 Äänekoski, Konginkan;Väg 4 Äänekoski, Konginkanga;Road 4 Äänekoski, Konginkangas;4;314;1272;25.810238319493003;62.8776528046043;105;992;Äänekoski;Keski-Suomi
9008;vt4_Viitasaari_R;Tie 4 Viitasaari, Löytänä;Väg 4 Viitasaari, Löytänä;Road 4 Viitasaari, Löytänä;4;323;657;25.663408523727284;63.22438028791928;130;931;Viitasaari;Keski-Suomi
9022;vt4_Rönnynkylä_Opt;Tie 4 Rönnynkylä;Väg 4 Rönnynkylä;Road 4 Rönnynkylä;4;327;6600;25.641326320566023;63.4229170730983;119;992;Äänekoski;Keski-Suomi
9017;vt9_Jämsä_Partalanm_R;Tie 9 Jämsä, Partalanmäki;Väg 9 Jämsä, Partalanmäki;Road 9 Jämsä, Partalanmäki;9;218;7184;25.06271025643065;61.82522332921153;0;182;Jämsä;Keski-Suomi
9016;vt9_Jämsä_R;Tie 9 Jämsä;Väg 9 Jämsä;Road 9 Jämsä;9;226;3865;25.3285071243587;61.913653700785844;0;182;Jämsä;Keski-Suomi
9002;vt9_Korpilahti_R;Tie 9 Korpilahti;Väg 9 Korpilax;Road 9 Korpilahti;9;229;1827;25.500510413508607;61.99929437202315;125;277;Korpilahti;Keski-Suomi
9021;vt9_Keljonkangas_R;Tie 9 Keljonkangas;Väg 9 Keljonkangas;Road 9 Keljonkangas;9;234;1806;25.681635468556806;62.179649254820546;160;500;Muurame;Keski-Suomi
9014;vt9_Jyväskylä_R;Tie 9 Jyväskylä;Väg 9 Jyväskylä;Road 9 Jyväskylä;9;235;7700;25.768882680924445;62.24613095462719;79;179;Jyväskylä;Keski-Suomi
9007;vt9_Lievestuore_R;Tie 9 Laukaa, Lievestuore;Väg 9 Laukas, Lievestuore;Road 9 Laukaa, Lievestuore;9;305;2265;26.140245056600833;62.24611790915204;125;410;Laukaa;Keski-Suomi
9020;vt9_Hankasalmi_as_R;Tie 9 Hankasalmen asema;Väg 9 Hankasalmi järnvägssta;Road 9 Hankasalmi railwaystati;9;309;1250;26.472666161757935;62.30454558917291;0;77;Hankasalmi;Keski-Suomi
9011;vt9_Hankasalmi_R;Tie 9 Hankasalmi;Väg 9 Hankasalmi;Road 9 Hankasalmi;9;311;2520;26.590646583315152;62.37744433625579;113;77;Hankasalmi;Keski-Suomi
9010;vt13_Kyyjärvi_R;Tie 13 Kyyjärvi, Oikari;Väg 13 Kyyjärvi, Oikari;Road 13 Kyyjärvi, Oikari;13;125;2160;24.697331491368438;63.00039887130459;160;312;Kyyjärvi;Keski-Suomi
9009;vt13_Saarijärvi_R;Tie 13 Saarijärvi, Kalmari;Väg 13 Saarijärvi, Kalmari;Road 13 Saarijärvi, Kalmari;13;131;5066;25.098641690179246;62.778279795175045;150;729;Saarijärvi;Keski-Suomi
9015;vt13_Äänekoski_R;Tie 13 Äänekoski;Väg 13 Äänekoski;Road 13 Äänekoski;13;139;2972;25.65211391097373;62.57320841356433;115;992;Äänekoski;Keski-Suomi
9003;vt18_Petäjävesi_R;Tie 18 Petäjävesi, Kintaus;Väg 18 Petäjävesi, Kintaus;Road 18 Petäjävesi, Kintaus;18;47;2902;25.393808801532924;62.271557336373334;160;592;Petäjävesi;Keski-Suomi
9012;vt23_Keuruu_R;Tie 23 Keuruu, Tiusala;Väg 23 Keuru, Tiusala;Road 23 Keuruu, Tiusala;23;217;4190;24.562127286417702;62.24547028017109;153;249;Keuruu;Keski-Suomi
9005;vt24_Kuhmoinen_R;Tie 24 Kuhmoinen, Patavesi;Väg 24 Kuhmois, Patavesi;Road 24 Kuhmoinen, Patavesi;24;17;6640;25.29544636848043;61.63185318824873;125;291;Kuhmoinen;Keski-Suomi
10007;vt3_Jalasjärvi_R;Tie 3 Jalasjärvi, Koskue;Väg 3 Jalasjärvi, Koskue;Road 3 Jalasjärvi, Koskue;3;224;3710;22.798558968803327;62.39094651043786;99;164;Jalasjärvi;Etelä-Pohjanmaa
10008;vt3_Ilmajoki_R;Tie 3 Ilmajoki;Väg 3 Ilmola;Road 3 Ilmajoki;3;239;5930;22.281709477047546;62.78720671928167;70;145;Ilmajoki;Etelä-Pohjanmaa
10025;vt16_Ylistaro_R;Tie 16 Ylistaro;Väg 16 Ylistaro;Road 16 Ylistaro;16;8;4252;22.63978556644066;62.97255416377527;37;975;Ylistaro;Etelä-Pohjanmaa
10013;vt16_Alajärvi_R;Tie 16 Alajärvi;Väg 16 Alajärvi;Road 16 Alajärvi;16;20;1344;23.678788590758405;63.01971272713102;79;5;Alajärvi;Etelä-Pohjanmaa
10045;vt16_Möksy_Opt;Tie 16  Alajärvi, Möksy;Väg 16  Alajärvi, Möksy;Road 16  Alajärvi, Möksy;16;26;6092;24.247851509579625;63.037286199376204;0;5;Alajärvi;Etelä-Pohjanmaa
10055;vt18_Nurmo_Munakka_K;Tie 18 Seinajoki, Nurmo;Väg 18 Seinäjoki, Nurmo;Road 18 Seinäjoki, Nurmo;18;9;5265;22.782006188959652;62.85142674873014;40;743;Seinäjoki;Etelä-Pohjanmaa
10035;vt18_Kuivaskylä_R;Tie 18 Kuivaskylä;Väg 18 Kuivaskylä;Road 18 Kuivaskylä;18;18;3465;23.46761207243742;62.5922838376281;115;10;Alavus;Etelä-Pohjanmaa
10018;vt18_Töysä_R;Tie 18 Töysä;Väg 18 Töysä;Road 18 Töysä;18;22;4960;23.89994393526787;62.61169731765867;151;10;Alavus;Etelä-Pohjanmaa
10036;vt19_Luopajärvi_R;Tie 19 Luopajärvi;Väg 19 Luopajärvi;Road 19 Luopajärvi;19;2;4825;22.753006497890915;62.5875881366193;90;164;Jalasjärvi;Etelä-Pohjanmaa
10044;vt19_Rengonkylä_Opt;Tie 19 Ilmajoki,  Rengonkylä;Väg 19 Ilmajoki,  Rengonkylä;Road 19 Ilmajoki,  Rengonkylä;19;4;1990;22.824140319393173;62.708861385713135;0;145;Ilmajoki;Etelä-Pohjanmaa
10010;vt19_Lapua_R;Tie 19 Lapua;Väg 19 Lappo;Road 19 Lapua;19;11;4146;23.038158627139797;62.939882071925965;51;408;Lapua;Etelä-Pohjanmaa
10042;vt19_Ylihärmä_R;Tie 19 Ylihärmä, Mäyry;Väg 19 Ylihärmä, Mäyry;Road 19 Ylihärmä, Mäyry;19;17;1358;22.868344687212655;63.13877087127512;30;233;Kauhava;Etelä-Pohjanmaa
10021;vt19_Voltti_R;Tie 19 Alahärmä, Voltti;Väg 19 Alahärmä, Voltti;Road 19 Alahärmä, Voltti;19;21;677;22.79900713177287;63.28902114887994;28;4;Alahärmä;Etelä-Pohjanmaa
10016;kt44_Kauhajoki_E_R;Tie 44 Kauhajoki, Perä-Hy;Väg 44 Kauhajoki, Perä-Hyyp;Road 44 Kauhajoki, Perä-Hyypp;44;23;1450;22.245421537350936;62.11615545933453;123;232;Kauhajoki;Etelä-Pohjanmaa
10009;kt66_Alavus_R;Tie 66 Alavus, Sapsalampi;Väg 66 Alavo, Sapsalampi;Road 66 Alavus, Sapsalampi;66;19;4452;23.62609566222666;62.448872655150524;122;10;Alavus;Etelä-Pohjanmaa
10041;kt66_Mäyry_R;Tie 66 Kuortane, Mäyry;Väg 66 Kuortane, Mäyry;Road 66 Kuortane, Mäyry;66;29;229;23.527914519448345;62.77118988328265;95;300;Kuortane;Etelä-Pohjanmaa
10050;kt66_Lapua_Opt;Tie 66 Lapua;Väg 66 Lappo;Road 66 Lapua;66;39;5120;23.04965864559325;62.9692715343909;46;408;Lapua;Etelä-Pohjanmaa
10032;kt67_Teuva_R;Tie 67 Teuva;Väg 67 Östermark;Road 67 Teuva;67;9;3113;21.80542022740927;62.49622927165327;80;846;Teuva;Etelä-Pohjanmaa
10017;kt67_Kauhajoki_P_R;Tie 67 Kauhajoki;Väg 67 Kauhajoki;Road 67 Kauhajoki;67;14;5200;22.280955516762592;62.48093822876441;93;232;Kauhajoki;Etelä-Pohjanmaa
10034;kt67_Koskenkorva_R;Tie 67 Koskenkorva;Väg 67 Koskenkorva;Road 67 Koskenkorva;67;19;4350;22.485890659871657;62.68588325779056;50;145;Ilmajoki;Etelä-Pohjanmaa
10047;kt67_Ilmajoki_Opt;Tie 67 Ilmajoki;Väg 67 Ilmajoki;Road 67 Ilmajoki;67;21;2204;22.626727898587227;62.74346061257251;43;743;Seinäjoki;Etelä-Pohjanmaa
10014;kt67_Seinäjoki_R;Tie 67 Seinäjoki;Väg 67 Seinäjoki;Road 67 Seinäjoki;67;24;1850;22.778708779755128;62.7953756441944;41;743;Seinäjoki;Etelä-Pohjanmaa
10043;kt68_Vimpeli_R;Tie 68 Vimpeli;Väg 68 Vimpeli;Road 68 Vimpeli;68;23;0;23.819581602850004;63.17055546571839;0;934;Vimpeli;Etelä-Pohjanmaa
10019;kt68_Evijärvi_R;Tie 68 Evijärvi;Väg 68 Evijärvi;Road 68 Evijärvi;68;27;5250;23.515448443735853;63.33460105095249;79;52;Evijärvi;Etelä-Pohjanmaa
10011;vt3_Laihia_Ruto_R;Tie 3 Laihia, Ruto;Väg 3 Laihela, Ruto;Road 3 Laihia, Ruto;3;248;175;21.898765670890793;63.00132432578394;9;399;Laihia;Pohjanmaa
10046;vt3_Vaasa_Opt;Tie 3 Vaasa;Väg 3 Vasa;Road 3 Vaasa;3;250;5689;21.696523885502767;63.07089668277382;0;905;Vaasa;Pohjanmaa
10001;vt8_Kristiina_R;Tie 8 Kristiinankaupunki, Metsälä;Väg 8 Kristinestad, Ömossa;Road 8 Kristiinankaupunki Metsälä;8;213;5066;21.530760349708636;62.06772068937117;33;287;Kristiinankaupunki;Pohjanmaa
10038;vt8_Kristiina_Opt;Tie 8 Kristiinankaupunki,;Väg 8 Kristinestad, Ömossa;Road 8 Kristiinankaupunki Mets;8;213;5066;21.530760349708636;62.06772068937117;33;287;Kristiinankaupunki;Pohjanmaa
10026;vt8_Lapväärtti_R;Tie 8 Kristiinankaupunki,;Väg 8 Kristinestad, Lappfjär;Road 8 Kristiinankaupunki, Lap;8;218;765;21.47946832729088;62.26638417018803;11;287;Kristiinankaupunki;Pohjanmaa
10037;vt8_Lapväärtti_Opt;Tie 8 Kristiinankaupunki,;Väg 8 Kristinestad, Lappfjär;Road 8 Kristiinankaupunki, Lap;8;218;765;21.47946832729088;62.26638417018803;11;287;Kristiinankaupunki;Pohjanmaa
10002;vt8_Närpiö_R;Tie 8 Närpiö, Bäckliden;Väg 8 Närpes, Bäckliden;Road 8 Närpiö, Bäckliden;8;224;750;21.438584708169675;62.47817263850686;16;545;Närpiö;Pohjanmaa
10012;vt8_Pirttikylä_R;Tie 8 Maalahti;Väg 8 Malax;Road 8 Maalahti;8;232;700;21.64139609036826;62.7478947656984;40;475;Maalahti;Pohjanmaa
10051;vt8_Pirttikylä_Opt;Tie 8 Maalahti;Väg 8 Malax;Road 8 Maalahti;8;232;700;21.64139609036826;62.7478947656984;40;475;Maalahti;Pohjanmaa
10027;vt8_Riimala_R;Tie 8 Mustasaari, Riimala;Väg 8 Korsholm, Riimala;Road 8 Mustasaari, Riimala;8;237;4112;21.762278570136267;62.95136218263892;20;499;Mustasaari;Pohjanmaa
10003;vt8_Vaasa_R;Tie 8 Vaasa, Mustasaari;Väg 8 Vasa, Korsholm;Road 8 Vaasa, Mustasaari;8;303;3414;21.761804462080434;63.13963359086857;20;499;Mustasaari;Pohjanmaa
10033;vt8_Vaasa_Opt;Tie 8 Vaasa, Mustasaari;Väg 8 Vasa, Korsholm;Road 8 Vaasa, Mustasaari;8;303;3414;21.761804462080434;63.13963359086857;20;499;Mustasaari;Pohjanmaa
10039;vt8_Vassor_R;Tie 8 Mustasaari, Vassor;Väg 8 Korsholm, Vassor;Road 8 Mustasaari, Vassor;8;307;981;22.00871091129736;63.15911319415109;2;499;Mustasaari;Pohjanmaa
10004;vt8_Oravainen_R;Tie 8 Vöyri, Kaitsor;Väg 8 Vörå, Kaitsor;Road 8 Vöyri, Kaitsor;8;311;800;22.282275982331765;63.25629429205825;7;946;Vöyri;Pohjanmaa
10023;vt8_Uusikaarlepyy_R;Tie 8 Uusikaarlepyy;Väg 8 Nykarleby;Road 8 Uusikaarlepyy;8;319;1870;22.58853780621546;63.462077366802895;24;893;Uusikaarlepyy;Pohjanmaa
10052;vt8_Uusikaarlepyy_Opt;Tie 8 Uusikaarlepyy;Väg 8 Nykarleby;Road 8 Uusikaarlepyy;8;319;1870;22.58853780621546;63.462077366802895;24;893;Uusikaarlepyy;Pohjanmaa
10028;vt8_Kruunupyy_R;Tie 8 Kruunupyy;Väg 8 Kronoby;Road 8 Kruunupyy;8;326;440;22.914369821428032;63.67091073487313;5;288;Kruunupyy;Pohjanmaa
10040;vt18_Napue_R;Tie 18 Isokyrö, Napue;Väg 18 Storkyro, Napue;Road 18 Isokyrö, Napue;18;5;2691;22.315602738947497;62.98967773669734;23;152;Isokyrö;Pohjanmaa
10005;kt68_Pietarsaari_R;Tie 68 Pedersöre, Kolppi;Väg 68 Pedersöre, Kållby;Road 68 Pedersöre, Kolppi;68;38;1859;22.820139696977034;63.639309962924344;6;599;Pedersöre;Pohjanmaa
10054;st673_Maalahti_Petolahti_Opt;Tie 673 Maalahti, Petolahti;Väg 673 Malax, Petalax;Road 673 Maalahti, Petolahti;673;6;1190;21.39447723262147;62.86957102825017;3;475;Maalahti;Pohjanmaa
10029;st673_Rangsby_R;Tie 673 Rangsby;Väg 673 Rangsby;Road 673 Rangsby;673;13;600;21.223363817831622;62.61068525091948;3;545;Närpiö;Pohjanmaa
10022;st724_Raippaluoto_R;Tie 724 Mustasaari, Raippa;Väg 724 Korsholm, Replot;Road 724 Mustasaari, Raippaluo;724;5;497;21.47317306120246;63.206648909960386;28;499;Mustasaari;Pohjanmaa
10030;st724_Raippaluoto_O;Tie 724 Raippaluoto;Väg 724 Replot;Road 724 Raippaluoto;724;5;497;21.47317306120246;63.206648909960386;28;499;Mustasaari;Pohjanmaa
10020;st749_Eugmo_Luoto_R;Tie 749 Luoto, Eugmo;Väg 749 Larsmo, Eugmo;Road 749 Luoto, Eugmo;749;10;1000;22.782660659173235;63.80554765111472;4;440;Luoto;Pohjanmaa
10006;vt8_Kokkola_R;Tie 8 Kokkola, Rimmi;Väg 8 Karleby, Rimmi;Road 8 Kokkola, Rimmi;8;404;2314;23.27416781300457;63.8608904254021;7;272;Kokkola;Keski-Pohjanmaa
10015;vt13_Kaustinen_R;Tie 13 Kaustinen;Väg 13 Kaustby;Road 13 Kaustinen;13;108;2517;23.46417590323437;63.60089265857861;56;236;Kaustinen;Keski-Pohjanmaa
11007;vt13_Veteli_R;Tie 13 Veteli;Väg 13 Vetil;Road 13 Veteli;13;113;3997;23.924294047662375;63.425176197056295;98;924;Veteli;Keski-Pohjanmaa
10048;vt13_Perho_Möttönen_R;Tie 13 Perho, Möttönen;Väg 13 Perho, Möttönen;Road 13 Perho, Möttönen;13;121;1621;24.522335186856466;63.167362090729675;156;584;Perho;Keski-Pohjanmaa
11002;vt28_Kannus_R;Tie 28 Kannus;Väg 28 Kannus;Road 28 Kannus;28;6;1963;23.886365012330824;63.901208062146374;45;217;Kannus;Keski-Pohjanmaa
11006;kt58_Lestijärvi_R;Tie 58 Lestijärvi;Väg 58 Lestijärvi;Road 58 Lestijärvi;58;54;2271;24.66928624243929;63.520868725395125;146;421;Lestijärvi;Keski-Pohjanmaa
10031;kt63_Ullava_R;Tie 63 Ullava;Väg 63 Ullava;Road 63 Ullava;63;20;6025;24.00928724381787;63.65565270177478;128;885;Ullava;Keski-Pohjanmaa
10049;kt63_Toholampi_Opt;Tie 63 Toholampi;Väg 63 Toholampi;Road 63 Toholampi;63;23;10600;24.24510509924226;63.767396561764784;100;849;Toholampi;Keski-Pohjanmaa
11005;vt4_Pyhäjärvi_R;Tie 4 Pyhäjärvi, Vaskikell;Väg 4 Pyhäjärvi, Vaskikello;Road 4 Pyhäjärvi, Vaskikello;4;334;5478;25.917638545467987;63.71143353045622;156;626;Pyhäjärvi;Pohjois-Pohjanmaa
12016;vt4_Kärsämäki_R;Tie 4 Kärsämäki;Väg 4 Kärsämäki;Road 4 Kärsämäki;4;343;2500;25.7557497555778;64.00645233576748;115;317;Kärsämäki;Pohjois-Pohjanmaa
12003;vt4_Pulkkila_R;Tie 4 Pulkkila;Väg 4 Pulkkila;Road 4 Pulkkila;4;350;1996;25.875837512397048;64.28160608827126;80;617;Pulkkila;Pohjois-Pohjanmaa
12041;vt4_Hyttikoski_Opt;Tie 4 Pulkkila, Hyttikoski;Väg 4 Pulkkila, Hyttikoski;Road 4 Pulkkila, Hyttikoski;4;353;4041;25.797624392483296;64.39524303939483;0;617;Pulkkila;Pohjois-Pohjanmaa
12014;vt4_Temmes_R;Tie 4 Temmes;Väg 4 Temmes;Road 4 Temmes;4;359;489;25.616053906611064;64.65734770834196;55;859;Tyrnävä;Pohjois-Pohjanmaa
12027;vt4_Temmes_Opt;Tie 4 Temmes;Väg 4 Temmes;Road 4 Temmes;4;359;489;25.616053906611064;64.65734770834196;55;859;Tyrnävä;Pohjois-Pohjanmaa
12022;vt4_Haaransilta_R;Tie 4 Liminka, Haaransilta;Väg 4 Limingo, Haaransilta;Road 4 Liminka, Haaransilta;4;360;0;25.486298321621184;64.81577961377776;0;425;Liminka;Pohjois-Pohjanmaa
12023;vt4_Haaransilta_O;Tie 4 Liminka, Haaransilta;Väg 4 Limingo, Haaransilta;Road 4 Liminka, Haaransilta;4;360;0;25.486298321621184;64.81577961377776;0;425;Liminka;Pohjois-Pohjanmaa
12001;vt4_Ouluntulli_R;Tie 4 Kempele, Ouluntulli;Väg 4 Kempele, Ouluntulli;Road 4 Kempele, Ouluntulli;4;365;4725;25.532109883841848;64.94740628492444;10;564;Oulu;Pohjois-Pohjanmaa
12024;vt4_Ouluntulli_O;Tie 4 Ouluntulli;Väg 4 Ouluntulli;Road 4 Ouluntulli;4;365;4725;25.532109883841848;64.94740628492444;0;564;Oulu;Pohjois-Pohjanmaa
12026;vt4_Kontinkangas_Opt;Tie 4 Kontinkangas;Väg 4 Kontinkangas;Road 4 Kontinkangas;4;401;1;25.50760955210998;65.00457478933431;0;564;Oulu;Pohjois-Pohjanmaa
12019;vt4_Oulu_Intiö_R;Tie 4 Oulu, Intiö;Väg 4 Uleåborg, Intiö;Road 4 Oulu, Intiö;4;401;1825;25.50615969614912;65.02065200688267;10;564;Oulu;Pohjois-Pohjanmaa
12021;vt4_Oulu_Intiö_O;Tie 4 Oulu, Intiö;Väg 4 Uleåborg, Intiö;Road 4 Oulu, Intiö;4;401;1825;25.50615969614912;65.02065200688267;0;564;Oulu;Pohjois-Pohjanmaa
12039;vt4_Kuivasjärvi_O;Tie 4 Oulu, Kuivasjärvi;Väg 4 Oleåborg, Kuivasjärvi;Road 4 Oulu, Kuivasjärvi;4;403;4078;25.440067684605918;65.07828659127946;16;564;Oulu;Pohjois-Pohjanmaa
13008;vt4_Kuivasjärvi_R;Tie 4 Oulu, Kuivasjärvi;Väg 4 Uleåborg, Kuivasjärvi;Road 4 Oulu, Kuivasjärvi;4;403;4078;25.440067684605918;65.07828659127946;16;564;Oulu;Pohjois-Pohjanmaa
12012;vt4_Haukipudas_R;Tie 4 Haukipudas;Väg 4 Haukipudas;Road 4 Haukipudas;4;406;1470;25.425080371279826;65.1745373203137;20;564;Oulu;Pohjois-Pohjanmaa
12031;vt4_Haukipudas_Opt;Tie 4 Haukipudas;Väg 4 Haukipudas;Road 4 Haukipudas;4;406;1470;25.425080371279826;65.1745373203137;20;564;Oulu;Pohjois-Pohjanmaa
12015;vt4_Olhava_R;Tie 4 Ii, Olhava;Väg 4 Ijo, Olhava;Road 4 Ii, Olhava;4;412;2382;25.385479350447252;65.41245036391466;8;139;Ii;Pohjois-Pohjanmaa
12004;vt4_Kuivaniemi_R;Tie 4 Kuivaniemi;Väg 4 Kuivaniemi;Road 4 Kuivaniemi;4;416;714;25.24182455536086;65.54734884589504;10;292;Kuivaniemi;Pohjois-Pohjanmaa
12038;vt5_Jokivaara_Opt;Tie 5 Jokivaara;Väg 5 Jokivaara;Road 5 Jokivaara;5;346;836;29.15182981965626;65.72141751989041;0;305;Kuusamo;Pohjois-Pohjanmaa
12028;vt5_Petäjälampi_R;Tie 5 Petäjälampi;Väg 5 Petäjälampi;Road 5 Petäjälampi;5;357;3663;29.144860539754678;66.01354792471238;290;305;Kuusamo;Pohjois-Pohjanmaa
12032;vt5_Petäjälampi_Opt;Tie 5 Petäjälampi;Väg 5 Petäjälampi;Road 5 Petäjälampi;5;357;3663;29.144860539754678;66.01354792471238;290;305;Kuusamo;Pohjois-Pohjanmaa
12008;vt5_Kitka_R;Tie 5 Kuusamo, Kitka;Väg 5 Kuusamo, Kitka;Road 5 Kuusamo, Kitka;5;365;6216;28.89911917550909;66.3053830980957;240;305;Kuusamo;Pohjois-Pohjanmaa
10024;vt8_Himanka_R;Tie 8 Himanka;Väg 8 Himango;Road 8 Himanka;8;411;2628;23.638785736145525;64.04206416353608;6;208;Kalajoki;Pohjois-Pohjanmaa
10053;vt8_Himanka_Opt;Tie 8 Himanka;Väg 8 Himango;Road 8 Himanka;8;411;2628;23.638785736145525;64.04206416353608;6;208;Kalajoki;Pohjois-Pohjanmaa
11001;vt8_Kalajoki_R;Tie 8 Kalajoki;Väg 8 Kalajoki;Road 8 Kalajoki;8;418;167;23.958593621593028;64.33726128082519;9;208;Kalajoki;Pohjois-Pohjanmaa
12018;vt8_Parhalahti_R;Tie 8 Parhalahti;Väg 8 Parhalahti;Road 8 Parhalahti;8;425;928;24.3252436116971;64.48976843386806;5;625;Pyhäjoki;Pohjois-Pohjanmaa
12002;vt8_Pattijoki_R;Tie 8 Pattijoki;Väg 8 Pattijoki;Road 8 Pattijoki;8;429;5235;24.561600337247345;64.68635486937058;10;678;Raahe;Pohjois-Pohjanmaa
12042;vt8_Pattijoki_Opt;Tie 8 Pattijoki;Väg 8 Pattijoki;Road 8 Pattijoki;8;429;5235;24.561600337247345;64.68635486937058;10;678;Raahe;Pohjois-Pohjanmaa
12040;vt8_Revonlahti_Opt;Tie 8 Siikajoki, Revonlahti;Väg 8 Siikajoki, Revonlahti;Road 8 Siikajoki, Revonlahti;8;434;638;24.951013929726006;64.71704376392705;0;748;Siikajoki;Pohjois-Pohjanmaa
12017;vt8_Liminka_R;Tie 4 Liminka;Väg 4 Limingo;Road 4 Liminka;8;438;2756;25.358475919702876;64.78486634389543;25;425;Liminka;Pohjois-Pohjanmaa
12029;vt20_Hönttämäki_R;Tie 20 Hönttämäki;Väg 20 Hönttämäki;Road 20 Hönttämäki;20;3;4200;25.598718953949348;65.0524116340132;27;564;Oulu;Pohjois-Pohjanmaa
12030;vt20_Hönttämäki_O;Tie 20 Hönttämäki;Väg 20 Hönttämäki;Road 20 Hönttämäki;20;3;4200;25.598718953949348;65.0524116340132;27;564;Oulu;Pohjois-Pohjanmaa
12005;vt20_Ylikiiminki_R;Tie 20 Ylikiiminki, Arkala;Väg 20 Ylikiiminki, Arkala;Road 20 Ylikiiminki, Arkala;20;10;1271;26.191525167271816;65.18940421817102;100;973;Ylikiiminki;Pohjois-Pohjanmaa
13011;vt20_Pudasjärvi_R;Tie 4 Pudasjärvi;Väg 4 Pudasjärvi;Road 4 Pudasjärvi;20;14;10590;26.847439869102637;65.27565532244324;0;615;Pudasjärvi;Pohjois-Pohjanmaa
13016;vt20_Pudasjärvi_Opt;Tie 20 Pudasjärvi;Väg 20 Pudasjärvi;Road 20 Pudasjärvi;20;14;10590;26.847439869102637;65.27565532244324;0;615;Pudasjärvi;Pohjois-Pohjanmaa
12006;vt20_Pintamo_R;Tie 20 Pudasjärvi, Pintamo;Väg 20 Pudasjärvi, Pintamo;Road 20 Pudasjarvi, Pintamo;20;24;18;27.6234157352078;65.44941920220697;170;615;Pudasjärvi;Pohjois-Pohjanmaa
12036;vt20_Taivalkoski_R;Tie 20 Taivalkoski;Väg 20 Taivalkoski;Road 20 Taivalkoski;20;31;3199;28.30073118702993;65.59241829902855;200;832;Taivalkoski;Pohjois-Pohjanmaa
12007;vt20_Kuolio_R;Tie 20 Kuusamo, Kuolio;Väg 20 Kuusamo, Kuolio;Road 20 Kuusamo, Kuolio;20;38;4852;28.816125841515383;65.82621846713229;270;305;Kuusamo;Pohjois-Pohjanmaa
12033;vt22_Pikkarala_R;Tie 22 Pikkarala;Väg 22 Pikkarala;Road 22 Pikkarala;22;6;1947;25.840551018383596;64.884163380257;13;494;Muhos;Pohjois-Pohjanmaa
12034;vt22_Pikkarala_Opt;Tie 22 Pikkarala;Väg 22 Pikkarala;Road 22 Pikkarala;22;6;1947;25.840551018383596;64.884163380257;13;494;Muhos;Pohjois-Pohjanmaa
12010;vt22_Utajärvi_R;Tie 22 Utajärvi, Sotka;Väg 22 Utajärvi, Sotka;Road 22 Utajärvi, Sotka;22;12;1153;26.26754006815464;64.781222562313;80;889;Utajärvi;Pohjois-Pohjanmaa
11003;vt27_Ylivieska_R;Tie 27 Ylivieska, Raudasky;Väg 27 Ylivieska, Raudaskylä;Road 27 Ylivieska, Raudaskylä;27;7;5349;24.744220363519375;64.0029235838187;75;977;Ylivieska;Pohjois-Pohjanmaa
12020;vt27_Oksava_R;Tie 27 Oksava;Väg 27 Oksava;Road 27 Oksava;27;11;5816;25.23725630482807;63.813326386839364;85;69;Haapajärvi;Pohjois-Pohjanmaa
12011;kt78_Kokkokylä_R;Tie 78 Pudasjärvi, Kokkoky;Väg 78 Pudasjärvi, Kokkokylä;Road 78 Pudasjärvi, Kokkokylä;78;208;5688;26.676614073539305;65.6904712657541;120;615;Pudasjärvi;Pohjois-Pohjanmaa
11004;kt86_Oulainen_R;Tie 86 Oulainen, Piipsjärv;Väg 86 Oulais, Piipsjärvi;Road 86 Oulainen, Piipsjärvi;86;15;73;24.911660463993663;64.3094794880343;80;563;Oulainen;Pohjois-Pohjanmaa
12013;kt86_Paavola_R;Tie 86 Ruukki, Paavola;Väg 86 Ruukki, Paavola;Road 86 Ruukki, Paavola;86;23;388;25.209848546515513;64.60572067627095;60;708;Ruukki;Pohjois-Pohjanmaa
12009;kt88_Pyhäntä_R;Tie 88 Pyhäntä, Ahokylä;Väg 88 Pyhäntä, Ahokylä;Road 88 Pyhäntä, Ahokylä;88;23;1024;26.552346079126654;63.989248536316445;190;630;Pyhäntä;Pohjois-Pohjanmaa
12025;st816_Hailuoto_R;Tie 816 Hailuoto;Väg 816 Karlö;Road 816 Hailuoto;816;6;7698;24.776162111140298;65.0343907102662;0;72;Hailuoto;Pohjois-Pohjanmaa
13007;vt5_Hatulanmäki_R;Tie 5 Kajaani, Hatulanmäki;Väg 5 Kajana, Hatulanmäki;Road 5 Kajaani, Hatulanmäki;5;228;3116;27.405544593375666;63.99571700437563;210;205;Kajaani;Kainuu
13015;vt5_Nuottijärvi_Opt;Tie 5 Kajaani, Nuottijärvi;Väg 5 Kajaani, Nuottijärvi;Road 5 Kajaani, Nuottijärvi;5;233;400;27.524707528746443;64.16273024659323;0;205;Kajaani;Kainuu
13014;vt5_Loikkala_Opt;Tie 5 Kajaani, Loikkala;Väg 5 Kajaani, Loikkala;Road 5 Kajaani, Loikkala;5;304;4722;27.947340972993242;64.28901393627143;0;205;Kajaani;Kainuu
13009;vt5_Rytivaara_R;Tie 5 Paltamo, Rytivaara;Väg 5 Paltamo, Rytivaara;Road 5 Paltamo, Rytivaara;5;306;3681;28.03879908968483;64.31578384610468;0;578;Paltamo;Kainuu
13002;vt5_Roukajoki_R;Tie 5 Ristijärvi, Roukajok;Väg 5 Ristijärvi, Roukajoki;Road 5 Ristijärvi, Roukajoki;5;314;3996;28.403849890463423;64.57644827513472;152;697;Ristijärvi;Kainuu
13010;vt5_Suomussalmi_R;Tie 5 Suomussalmi;Väg 5 Suomussalmi;Road 5 Suomussalmi;5;322;30;28.84383553834738;64.78676353382234;0;777;Suomussalmi;Kainuu
13004;vt5_Palovaara_R;Tie 5 Suomussalmi, Palovaa;Väg 5 Suomussalmi, Palovaara;Road 5 Suomussalmi, Palovaara;5;333;50;28.939760102371316;65.14682141238151;240;777;Suomussalmi;Kainuu
13013;vt5_Suomussalmi_Pisto_R;Tie 5 Suomussalmi Pisto;Väg 5 Suomussalmi Pisto;Road 5 Suomussalmi Pisto;5;339;3707;29.03814078790805;65.42587770485387;0;777;Suomussalmi;Kainuu
13001;vt6_Korholanmäki_R;Tie 6 Sotkamo, Korholanmäk;Väg 6 Sotkamo, Korholanmäki;Road 6 Sotkamo, Korholanmäki;6;435;468;27.997210604379173;64.14230698605921;220;765;Sotkamo;Kainuu
13003;vt22_Liminpuro_R;Tie 22 Vaala, Liminpuro;Väg 22 Vaala, Liminpuro;Road 22 Vaala, Liminpuro;22;22;5333;27.241302583188492;64.53364593059827;125;785;Vaala;Kainuu
12035;vt28_Kokkosuo_R;Tie 28 Kokkosuo;Väg 28 Kokkosuo;Road 28 Kokkosuo;28;43;39;26.961940196580077;64.11398967331486;13;940;Vuolijoki;Kainuu
13006;kt76_Tervasalmi_R;Tie 76 Kuhmo, Tervasalmi;Väg 76 Kuhmo, Tervasalmi;Road 76 Kuhmo, Tervasalmi;76;10;712;29.105058786025563;64.08495417236227;175;290;Kuhmo;Kainuu
13005;kt78_Paasikoski_R;Tie 78 Puolanka, Paasikosk;Väg 78 Puolango, Paasikoski;Road 78 Puolanka, Paasikoski;78;116;185;27.701835595988378;65.03369175482766;190;620;Puolanka;Kainuu
13012;kt89_Kuusamonkylä_R;Tie 89 Kuhmo, Kuusamonkylä;Väg 89 Kuhmo, Kuusamonkylä;Road 89 Kuhmo, Kuusamonkylä;89;13;520;29.334757924058835;64.43350823344902;220;290;Kuhmo;Kainuu
14044;vt4_Simo_Opt;Tie 4, Simo;Väg 4, Simo;Road 4, Simo;4;420;5990;24.93076267641921;65.66915343107037;0;751;Simo;Lappi
14039;vt4_Siikalahti_R;Tie 4 Siikalahti;Väg 4 Siikalahti;Road 4 Siikalahti;4;424;2805;24.624972984472862;65.68419177247927;4;240;Kemi;Lappi
14040;vt4_Siikalahti_O;Tie 4 Siikalahti;Väg 4 Siikalahti;Road 4 Siikalahti;4;424;2806;24.624972984472862;65.68419177247927;4;240;Kemi;Lappi
14041;vt4_Siikalahti_Opt;Tie 4 Siikalahti;Väg 4 Siikalahti;Road 4 Siikalahti;4;424;2807;24.624972984472862;65.68419177247927;4;240;Kemi;Lappi
14036;vt4_Ristikangas_R;Tie 4 Ristikangas;Väg 4 Ristikangas;Road 4 Ristikangas;4;425;4465;24.57354395942387;65.72501835521554;36;240;Kemi;Lappi
14037;vt4_Ristikangas_O;Tie 4 Ristikangas;Väg 4 Ristikangas;Road 4 Ristikangas;4;425;4466;24.57354395942387;65.72501835521554;36;240;Kemi;Lappi
14038;vt4_Ristikangas_Opt;Tie 4 Ristikangas;Väg 4 Ristikangas;Road 4 Ristikangas;4;425;4467;24.57354395942387;65.72501835521554;36;240;Kemi;Lappi
14020;vt4_Isohaara_R;Tie 4 Keminmaa, Isohaara;Väg 4 Keminmaa, Isohaara;Road 4 Keminmaa, Isohaara;4;426;4160;24.53220479014545;65.7895045383581;8;241;Keminmaa;Lappi
14025;vt4_Isohaara_O;Tie 4 Isohaara;Väg 4 Isohaara;Road 4 Isohaara;4;426;4161;24.53220479014545;65.7895045383581;8;241;Keminmaa;Lappi
14008;vt4_Paakkola_R;Tie 4 Tervola, Paakkola;Väg 4 Tervola, Paakkola;Road 4 Tervola, Paakkola;4;431;2035;24.689779397072385;66.00096789862947;33;845;Tervola;Lappi
14033;vt4_Paakkola_Opt;Tie 4 Tervola, Paakkola;Väg 4 Tervola, Paakkola;Road 4 Tervola, Paakkola;4;431;2035;24.689779397072385;66.00096789862947;33;845;Tervola;Lappi
14002;vt4_Jaatila_R;Tie 4 Rovaniemi, Jaatila;Väg 4 Rovaniemi, Jaatila;Road 4 Rovaniemi, Jaatila;4;443;164;25.33886841756541;66.25244309627247;50;698;Rovaniemi;Lappi
14032;vt4_Jaatila_Opt;Tie 4 Rovaniemi, Jaatila;Väg 4 Rovaniemi, Jaatila;Road 4 Rovaniemi, Jaatila;4;443;164;25.33886841756541;66.25244309627247;50;698;Rovaniemi;Lappi
14034;vt4_Revontuli_R;Tie 4, Rovaniemi;Väg 4, Rovaniemi;Road 4, Rovaniemi;4;501;1000;25.73086811100074;66.50681156366018;90;698;Rovaniemi;Lappi
14031;vt4_Santa_Claus_Opt;Tie 4 Rovaniemi, Santa Claus;Väg 4 Rovaniemi, Santa Claus;Road 4 Rovaniemi, Santa Claus;4;502;2744;25.78511741885655;66.53825051953521;122;698;Rovaniemi;Lappi
14009;vt4_Napapiiri_R;Tie 4 Rovaniemi, Napapiiri;Väg 4 Rovaniemi, Polar cirke;Road 4 Rovaniemi, Arctic circl;4;503;701;25.84600343242798;66.54764708287964;162;698;Rovaniemi;Lappi
14004;vt4_Vuojärvi_R;Tie 4 Sodankylä, Vuojärvi;Väg 4 Sodankylä, Vuojärvi;Road 4 Sodankylä, Vuojärvi;4;515;8562;26.545535005662654;67.06956301079886;220;758;Sodankylä;Lappi
14007;vt4_Porttipahta_R;Tie 4 Sodankylä, Porttipah;Väg 4 Sodankylä, Porttipahta;Road 4 Sodankylä, Porttipahta;4;538;127;26.888505101870088;67.99015612823537;240;758;Sodankylä;Lappi
14003;vt4_Saariselkä_R;Tie 4 Inari, Saariselkä;Väg 4 Enare, Saariselkä;Road 4 Inari, Saariselkä;4;549;3180;27.42531477268455;68.4567818988138;362;148;Inari;Lappi
14016;vt4_Petsikko_R;Tie 4 Utsjoki, Petsikko;Väg 4 Utsjoki, Petsikko;Road 4 Utsjoki, Petsikko;4;573;3725;27.240760015183792;69.44509417388753;284;890;Utsjoki;Lappi
14030;vt5_Suomu_K;Tie 5 Suomu;Väg 5 Suomu;Road 5 Suomu;5;375;528;28.10624409337995;66.55247743446414;190;320;Kemijärvi;Lappi
14017;vt5_Kairala_R;Tie 5 Pelkosenniemi, Kaira;Väg 5 Pelkosenniemi, Kairala;Road 5 Pelkosenniemi, Kairala;5;413;902;27.43756881897435;67.19246094642261;157;583;Pelkosenniemi;Lappi
14010;vt21_Kukkola_R;Tie 21 Tornio, Kukkola;Väg 21 Torneå, Kukkola;Road 21 Tornio, Kukkola;21;108;45;24.058930106047942;65.96686702739295;29;851;Tornio;Lappi
14005;vt21_Kattilakoski_R;Tie 21 Ylitornio, Kattilak;Väg 21 Övertorneå, Kattilako;Road 21 Ylitornio, Kattilakosk;21;121;7576;23.790099587479755;66.51090907159366;65;976;Ylitornio;Lappi
14011;vt21_Sieppijärvi_R;Tie 21 Kolari, Sieppijärvi;Väg 21 Kolari, Sieppijärvi;Road 21 Kolari, Sieppijärvi;21;133;7895;24.0488231789681;67.00339778355315;135;854;Pello;Lappi
14018;vt21_Tapojärvi_R;Tie 21 Muonio, Tapojärvi;Väg 21 Muonio, Tapojärvi;Road 21 Muonio, Tapojärvi;21;148;4330;23.628818256460082;67.53192413912755;183;498;Muonio;Lappi
14042;vt21_Palojoensuu_K;Tie 21 Palojoensuu;Väg 21 Palojoensuu;Road 21 Palojoensuu;21;210;392;23.0796016770067;68.28765520323871;0;47;Enontekiö;Lappi
14019;vt21_Saarikoski_R;Tie 21 Enontekiö, Saarikos;Väg 21 Enontekis, Saarikoski;Road 21 Enontekiö, Saarikoski;21;229;9323;21.251917746829015;68.80679319315286;444;47;Enontekiö;Lappi
14021;vt29_Luukkaankangas_R;Tie 29 Luukkaankangas;Väg 29 Luukkaankangas;Road 29 Luukkaankangas;29;1;4053;24.4083189420391;65.82546753738988;20;851;Tornio;Lappi
14022;vt29_Luukkaankangas_O;Tie 29 Luukkaankangas;Väg 29 Luukkaankangas;Road 29 Luukkaankangas;29;1;4053;24.4083189420391;65.82546753738988;20;851;Tornio;Lappi
14023;vt29_Kyläjoki_R;Tie 29 Kyläjoki;Väg 29 Kyläjoki;Road 29 Kyläjoki;29;2;796;24.262493693170047;65.83574153990624;6;851;Tornio;Lappi
14024;vt29_Kyläjoki_O;Tie 29 Kyläjoki;Väg 29 Kyläjoki;Road 29 Kyläjoki;29;2;797;24.262493693170047;65.83574153990624;6;851;Tornio;Lappi
14029;vt29_Kyläjoki_Opt;Tie 29 Kyläjoki;Väg 29 Kyläjoki;Road 29 Kyläjoki;29;2;798;24.262493693170047;65.83574153990624;6;851;Tornio;Lappi
14012;kt78_Saukkokangas_R;Tie 78 Ranua, Saukkokangas;Väg 78 Ranua, Saukkokangas;Road 78 Ranua, Saukkokangas;78;217;5528;26.247240164809757;66.15727000028089;200;683;Ranua;Lappi
14015;kt79_Lohiniva_R;Tie 79 Kittilä, Lohiniva;Väg 79 Kittilä, Lohiniva;Road 79 Kittilä, Lohiniva;79;19;4511;24.92688415697047;67.20028747017214;171;261;Kittilä;Lappi
14013;kt82_Kalliosalmi_R;Tie 82 Rovaniemi, Kalliosa;Väg 82 Rovaniemi, Kalliosalm;Road 82 Rovaniemi, Kalliosalmi;82;4;5827;26.64555320921234;66.67615506293754;180;698;Rovaniemi;Lappi
14014;kt83_Raanujärvi_R;Tie 83 Ylitornio, Raanujär;Väg 83 Övertorneå, Raanujärv;Road 83 Ylitornio, Raanujärvi;83;10;5188;24.846923403622128;66.64476170791652;102;976;Ylitornio;Lappi
14026;st863_Sirniö_K;Tie 863 Posio, Sirniö;Väg 863 Posio, Sirniö;Road 863 Posio, Sirniö;863;9;2400;28.08685539205376;65.83404443136408;277;614;Posio;Lappi
14001;st921_Kaakamo_R;Tie 921 Tornio, Kaakamo;Väg 921 Torneå, Kaakamo;Road 921 Tornio, Kaakamo;921;2;1418;24.457765905920255;65.8079462742766;4;851;Tornio;Lappi
14043;st962_Pyhätunturi_K;Tie 962, Pelkosenniemi, Py;Väg 962, Pelkosenniemi, Pyhä;Road 962, Pelkosenniemi, Pyhät;962;7;3980;27.21440577821001;67.0432178462913;0;583;Pelkosenniemi;Lappi
14027;st970_Nuorgam_K;Tie 970 Utsjoki, Nuorgam;Väg 970 Utsjoki, Nuorgam;Road 970 Utsjoki, Nuorgam;970;22;1577;27.94154652209803;70.08869779355518;11;890;Utsjoki;Lappi
14028;yt9401_Ylläs_maisematie_R;Tie 9401 Ylläs, maisematie;Väg 9401 Ylläs, landskapväge;Road 9401 Ylläs, scenery route;9401;1;6810;24.178319801932574;67.56409328425744;390;273;Kolari;Lappi
